Workbook

Sheet Decisiones
A1: Decision_ID | B1: Fecha_Decision | C1: Hora_Publicacion | D1: Tipo_Reunion | E1: Regimen_Operativo | F1: Tasa_Anterior | G1: Cambio_pb | H1: Tasa_Nueva | I1: Direccion_Decision | J1: Decision_Unanime | K1: Numero_Disensos | L1: Comunicado_URL | M1: Minuta_URL | N1: Observaciones
A2: D20000118 | B2: 36543 | D2: Ordinaria | E2: Objetivo de saldos/condiciones monetarias | I2: No disponible | J2: No disponible | L2: https://www.banxico.org.mx/publicaciones-y-prensa/anuncios-de-las-decisiones-de-politica-monetaria/{13454A37-A216-337E-9BEE-60EC43BDB91D}.pdf | N2: Régimen: Objetivo de saldos/condiciones monetarias.
A3: D20000516 | B3: 36662 | D3: Ordinaria | E3: Objetivo de saldos/condiciones monetarias | I3: No disponible | J3: No disponible | L3: https://www.banxico.org.mx/publicaciones-y-prensa/anuncios-de-las-decisiones-de-politica-monetaria/{2A7425E0-0B60-E7EC-E099-5384C9A7A018}.pdf | N3: Régimen: Objetivo de saldos/condiciones monetarias.
A4: D20000626 | B4: 36703 | D4: Ordinaria | E4: Objetivo de saldos/condiciones monetarias | I4: No disponible | J4: No disponible | L4: https://www.banxico.org.mx/publicaciones-y-prensa/anuncios-de-las-decisiones-de-politica-monetaria/{71B5EA84-D683-03C6-D004-D4E1C4BB9236}.pdf | N4: Régimen: Objetivo de saldos/condiciones monetarias.
A5: D20000731 | B5: 36738 | D5: Ordinaria | E5: Objetivo de saldos/condiciones monetarias | I5: No disponible | J5: No disponible | L5: https://www.banxico.org.mx/publicaciones-y-prensa/anuncios-de-las-decisiones-de-politica-monetaria/{4187E97F-C8B7-1EC6-5FCA-8E309EB909FA}.pdf | N5: Régimen: Objetivo de saldos/condiciones monetarias.
A6: D20001017 | B6: 36816 | D6: Ordinaria | E6: Objetivo de saldos/condiciones monetarias | I6: No disponible | J6: No disponible | L6: https://www.banxico.org.mx/publicaciones-y-prensa/anuncios-de-las-decisiones-de-politica-monetaria/{473E1E72-9133-9FCE-DE83-3D82D61B22FD}.pdf | N6: Régimen: Objetivo de saldos/condiciones monetarias.
A7: D20001110 | B7: 36840 | D7: Ordinaria | E7: Objetivo de saldos/condiciones monetarias | I7: No disponible | J7: No disponible | L7: https://www.banxico.org.mx/publicaciones-y-prensa/anuncios-de-las-decisiones-de-politica-monetaria/{C416157F-C815-5F7E-2C50-E22173121854}.pdf | N7: Régimen: Objetivo de saldos/condiciones monetarias.
A8: D20010112 | B8: 36903 | D8: Ordinaria | E8: Objetivo de saldos/condiciones monetarias | I8: No disponible | J8: No disponible | L8: https://www.banxico.org.mx/publicaciones-y-prensa/anuncios-de-las-decisiones-de-politica-monetaria/{33EAA3B9-4E3C-E0E0-D92C-CA453FA05B8A}.pdf | N8: Régimen: Objetivo de saldos/condiciones monetarias.
A9: D20010518 | B9: 37029 | D9: Ordinaria | E9: Objetivo de saldos/condiciones monetarias | I9: No disponible | J9: No disponible | L9: https://www.banxico.org.mx/publicaciones-y-prensa/anuncios-de-las-decisiones-de-politica-monetaria/{A6967738-A7E8-F18B-82F7-FDE8339B823F}.pdf | N9: Régimen: Objetivo de saldos/condiciones monetarias.
A10: D20010731 | B10: 37103 | D10: Ordinaria | E10: Objetivo de saldos/condiciones monetarias | I10: No disponible | J10: No disponible | L10: https://www.banxico.org.mx/publicaciones-y-prensa/anuncios-de-las-decisiones-de-politica-monetaria/{8AE342BE-6BE0-4B37-37DA-421AFAC33517}.pdf | N10: Régimen: Objetivo de saldos/condiciones monetarias.
A11: D20020208 | B11: 37295 | D11: Ordinaria | E11: Objetivo de saldos/condiciones monetarias | I11: No disponible | J11: No disponible | L11: https://www.banxico.org.mx/publicaciones-y-prensa/anuncios-de-las-decisiones-de-politica-monetaria/{E69CD9F3-41CC-5A19-23D1-0FA9917C78AE}.pdf | N11: Régimen: Objetivo de saldos/condiciones monetarias.
A12: D20020412 | B12: 37358 | D12: Ordinaria | E12: Objetivo de saldos/condiciones monetarias | I12: No disponible | J12: No disponible | L12: https://www.banxico.org.mx/publicaciones-y-prensa/anuncios-de-las-decisiones-de-politica-monetaria/{94E7DC25-3B3D-9AE5-756A-7FB3952F88E0}.pdf | N12: Régimen: Objetivo de saldos/condiciones monetarias.
A13: D20020923 | B13: 37522 | D13: Ordinaria | E13: Objetivo de saldos/condiciones monetarias | I13: No disponible | J13: No disponible | L13: https://www.banxico.org.mx/publicaciones-y-prensa/anuncios-de-las-decisiones-de-politica-monetaria/{D9325B84-9524-BF31-DCBC-74F77F984DFD}.pdf | N13: Régimen: Objetivo de saldos/condiciones monetarias.
... A15: D20030110 | B15: 37631 | D15: Ordinaria | E15: Objetivo de saldos/condiciones monetarias | I15: No disponible | J15: No disponible | L15: https://www.banxico.org.mx/publicaciones-y-prensa/anuncios-de-las-decisiones-de-politica-monetaria/{D0207EEA-BC77-B4A8-1C46-ED4DF7881EB1}.pdf | N15: Régimen: Objetivo de saldos/condiciones monetarias.
A16: D20030124 | B16: 37645 | D16: Ordinaria | E16: Objetivo de saldos/condiciones monetarias | G16: 0 | I16: Sin cambio | J16: No disponible | L16: https://www.banxico.org.mx/publicaciones-y-prensa/anuncios-de-las-decisiones-de-politica-monetaria/{0F16A072-22DA-49AB-DB42-911DB5C73606}.pdf | N16: Régimen: Objetivo de saldos/condiciones monetarias.
A17: D20030207 | B17: 37659 | D17: Ordinaria | E17: Objetivo de saldos/condiciones monetarias | I17: No disponible | J17: No disponible | L17: https://www.banxico.org.mx/publicaciones-y-prensa/anuncios-de-las-decisiones-de-politica-monetaria/{E073CD3D-5DCE-7CFF-5329-235F5BC39AF8}.pdf | N17: Régimen: Objetivo de saldos/condiciones monetarias.
A18: D20030221 | B18: 37673 | D18: Ordinaria | E18: Objetivo de saldos/condiciones monetarias | G18: 0 | I18: Sin cambio | J18: No disponible | L18: https://www.banxico.org.mx/publicaciones-y-prensa/anuncios-de-las-decisiones-de-politica-monetaria/{764BD9A2-41E0-2672-F90A-9F06F60FA441}.pdf | N18: Régimen: Objetivo de saldos/condiciones monetarias.
A19: D20030328 | B19: 37708 | D19: Ordinaria | E19: Objetivo de saldos/condiciones monetarias | I19: No disponible | J19: No disponible | L19: https://www.banxico.org.mx/publicaciones-y-prensa/anuncios-de-las-decisiones-de-politica-monetaria/{9D48A960-F722-427B-F851-9C3468F98E70}.pdf | N19: Régimen: Objetivo de saldos/condiciones monetarias.
A20: D20030425 | B20: 37736 | D20: Ordinaria | E20: Objetivo de saldos/condiciones monetarias | G20: 0 | I20: Sin cambio | J20: No disponible | L20: https://www.banxico.org.mx/publicaciones-y-prensa/anuncios-de-las-decisiones-de-politica-monetaria/{F852BA83-BE9B-5D3B-6FBB-72B4C3A657E8}.pdf | N20: Régimen: Objetivo de saldos/condiciones monetarias.
A21: D20030523 | B21: 37764 | D21: Ordinaria | E21: Objetivo de saldos/condiciones monetarias | G21: 0 | I21: Sin cambio | J21: No disponible | L21: https://www.banxico.org.mx/publicaciones-y-prensa/anuncios-de-las-decisiones-de-politica-monetaria/{75FAED4F-1FD7-B184-68DA-459DB0D2C9D8}.pdf | N21: Régimen: Objetivo de saldos/condiciones monetarias.
A22: D20030627 | B22: 37799 | D22: Ordinaria | E22: Objetivo de saldos/condiciones monetarias | G22: 0 | I22: Sin cambio | J22: No disponible | L22: https://www.banxico.org.mx/publicaciones-y-prensa/anuncios-de-las-decisiones-de-politica-monetaria/{EC4DDDDD-1C8D-B612-4BA6-C7063526FB16}.pdf | N22: Régimen: Objetivo de saldos/condiciones monetarias.
A23: D20030725 | B23: 37827 | D23: Ordinaria | E23: Objetivo de saldos/condiciones monetarias | G23: 0 | I23: Sin cambio | J23: No disponible | L23: https://www.banxico.org.mx/publicaciones-y-prensa/anuncios-de-las-decisiones-de-politica-monetaria/{97ACA940-E4CD-D46F-BAD1-57616BDD33A3}.pdf | N23: Régimen: Objetivo de saldos/condiciones monetarias.
A24: D20030822 | B24: 37855 | D24: Ordinaria | E24: Objetivo de saldos/condiciones monetarias | G24: 0 | I24: Sin cambio | J24: No disponible | L24: https://www.banxico.org.mx/publicaciones-y-prensa/anuncios-de-las-decisiones-de-politica-monetaria/{1A0FC36A-5B93-D407-8F37-81F092E441AB}.pdf | N24: Régimen: Objetivo de saldos/condiciones monetarias.
A25: D20030926 | B25: 37890 | D25: Ordinaria | E25: Objetivo de saldos/condiciones monetarias | G25: 0 | I25: Sin cambio | J25: No disponible | L25: https://www.banxico.org.mx/publicaciones-y-prensa/anuncios-de-las-decisiones-de-politica-monetaria/{F749E14A-A807-75EF-7244-FE219AB900D7}.pdf | N25: Régimen: Objetivo de saldos/condiciones monetarias.
A26: D20031024 | B26: 37918 | D26: Ordinaria | E26: Objetivo de saldos/condiciones monetarias | G26: 0 | I26: Sin cambio | J26: No disponible | L26: https://www.banxico.org.mx/publicaciones-y-prensa/anuncios-de-las-decisiones-de-politica-monetaria/{D58BEC23-B731-5A44-21AC-9EE85D0042B9}.pdf | N26: Régimen: Objetivo de saldos/condiciones monetarias.
A27: D20031121 | B27: 37946 | D27: Ordinaria | E27: Objetivo de saldos/condiciones monetarias | G27: 0 | I27: Sin cambio | J27: No disponible | L27: https://www.banxico.org.mx/publicaciones-y-prensa/anuncios-de-las-decisiones-de-politica-monetaria/{2D614537-FF48-23DC-6C86-37C44731CBCF}.pdf | N27: Régimen: Objetivo de saldos/condiciones monetarias.
A28: D20031211 | B28: 37966 | D28: Ordinaria | E28: Objetivo de saldos/condiciones monetarias | G28: 0 | I28: Sin cambio | J28: No disponible | L28: https://www.banxico.org.mx/publicaciones-y-prensa/anuncios-de-las-decisiones-de-politica-monetaria/{3C1A312D-DC4E-E95B-22CB-625EE103A910}.pdf | N28: Régimen: Objetivo de saldos/condiciones monetarias.
A29: D20040123 | B29: 38009 | D29: Ordinaria | E29: Objetivo de saldos/condiciones monetarias | G29: 0 | I29: Sin cambio | J29: No disponible | L29: https://www.banxico.org.mx/publicaciones-y-prensa/anuncios-de-las-decisiones-de-politica-monetaria/{5BC53D5D-A2C9-4EC5-3F41-43BFA99D1EE6}.pdf | N29: Régimen: Objetivo de saldos/condiciones monetarias.
A30: D20040220 | B30: 38037 | D30: Ordinaria | E30: Objetivo de saldos/condiciones monetarias | I30: No disponible | J30: No disponible | L30: https://www.banxico.org.mx/publicaciones-y-prensa/anuncios-de-las-decisiones-de-politica-monetaria/{3C0303EB-EE8A-E272-9FE6-5325D6A72A27}.pdf | N30: Régimen: Objetivo de saldos/condiciones monetarias.
A31: D20040312 | B31: 38058 | D31: Ordinaria | E31: Objetivo de saldos/condiciones monetarias | I31: No disponible | J31: No disponible | L31: https://www.banxico.org.mx/publicaciones-y-prensa/anuncios-de-las-decisiones-de-politica-monetaria/{2CD1A3C7-9E9C-C895-4962-64F7B460D4F8}.pdf | N31: Régimen: Objetivo de saldos/condiciones monetarias.
A32: D20040326 | B32: 38072 | D32: Ordinaria | E32: Objetivo de saldos/condiciones monetarias | G32: 0 | I32: Sin cambio | J32: No disponible | L32: https://www.banxico.org.mx/publicaciones-y-prensa/anuncios-de-las-decisiones-de-politica-monetaria/{E6066F4E-467D-2EC7-CE49-2D3AF7B50008}.pdf | N32: Régimen: Objetivo de saldos/condiciones monetarias.
A33: D20040423 | B33: 38100 | D33: Ordinaria | E33: Objetivo de saldos/condiciones monetarias | G33: 0 | I33: Sin cambio | J33: No disponible | L33: https://www.banxico.org.mx/publicaciones-y-prensa/anuncios-de-las-decisiones-de-politica-monetaria/{DB2FE114-0DC7-BA33-F53D-3B8F0CF69A43}.pdf | N33: Régimen: Objetivo de saldos/condiciones monetarias.
A34: D20040427 | B34: 38104 | D34: Ordinaria | E34: Objetivo de saldos/condiciones monetarias | I34: No disponible | J34: No disponible | L34: https://www.banxico.org.mx/publicaciones-y-prensa/anuncios-de-las-decisiones-de-politica-monetaria/{8EAFAF2F-523B-BC62-4A6B-DD992AFB09D8}.pdf | N34: Régimen: Objetivo de saldos/condiciones monetarias.
A35: D20040528 | B35: 38135 | D35: Ordinaria | E35: Objetivo de saldos/condiciones monetarias | G35: 0 | I35: Sin cambio | J35: No disponible | L35: https://www.banxico.org.mx/publicaciones-y-prensa/anuncios-de-las-decisiones-de-politica-monetaria/{7FD27369-3C10-DD25-AAB6-412265DA768E}.pdf | N35: Régimen: Objetivo de saldos/condiciones monetarias.
A36: D20040625 | B36: 38163 | D36: Ordinaria | E36: Objetivo de saldos/condiciones monetarias | G36: 0 | I36: Sin cambio | J36: No disponible | L36: https://www.banxico.org.mx/publicaciones-y-prensa/anuncios-de-las-decisiones-de-politica-monetaria/{788E18E1-C937-4561-A47E-AF46DABF0F2E}.pdf | N36: Régimen: Objetivo de saldos/condiciones monetarias.
A37: D20040723 | B37: 38191 | D37: Ordinaria | E37: Objetivo de saldos/condiciones monetarias | I37: No disponible | J37: No disponible | L37: https://www.banxico.org.mx/publicaciones-y-prensa/anuncios-de-las-decisiones-de-politica-monetaria/{710117A8-683E-D6CD-BB34-A94007F425A7}.pdf | N37: Régimen: Objetivo de saldos/condiciones monetarias.
A38: D20040827 | B38: 38226 | D38: Ordinaria | E38: Objetivo de saldos/condiciones monetarias | I38: No disponible | J38: No disponible | L38: https://www.banxico.org.mx/publicaciones-y-prensa/anuncios-de-las-decisiones-de-politica-monetaria/{97B669EB-A457-C613-DF07-6FA7F795276C}.pdf | N38: Régimen: Objetivo de saldos/condiciones monetarias.
A39: D20040924 | B39: 38254 | D39: Ordinaria | E39: Objetivo de saldos/condiciones monetarias | I39: No disponible | J39: No disponible | L39: https://www.banxico.org.mx/publicaciones-y-prensa/anuncios-de-las-decisiones-de-politica-monetaria/{4F1865AE-E558-75F0-D5D2-87ECA75DBF9C}.pdf | N39: Régimen: Objetivo de saldos/condiciones monetarias.
A40: D20041022 | B40: 38282 | D40: Ordinaria | E40: Objetivo de saldos/condiciones monetarias | I40: No disponible | J40: No disponible | L40: https://www.banxico.org.mx/publicaciones-y-prensa/anuncios-de-las-decisiones-de-politica-monetaria/{032CBD52-D087-22AF-3711-818376BE3FAD}.pdf | N40: Régimen: Objetivo de saldos/condiciones monetarias.
A41: D20041126 | B41: 38317 | D41: Ordinaria | E41: Objetivo de saldos/condiciones monetarias | I41: No disponible | J41: No disponible | L41: https://www.banxico.org.mx/publicaciones-y-prensa/anuncios-de-las-decisiones-de-politica-monetaria/{CA2823E4-6AFA-B5CD-AC35-466BEA5C593F}.pdf | N41: Régimen: Objetivo de saldos/condiciones monetarias.
A42: D20041210 | B42: 38331 | D42: Ordinaria | E42: Objetivo de saldos/condiciones monetarias | I42: No disponible | J42: No disponible | L42: https://www.banxico.org.mx/publicaciones-y-prensa/anuncios-de-las-decisiones-de-politica-monetaria/{19183E45-9524-97E8-CFB3-E2B4A4578BC5}.pdf | N42: Régimen: Objetivo de saldos/condiciones monetarias.
A43: D20050128 | B43: 38380 | D43: Ordinaria | E43: Objetivo de saldos/condiciones monetarias | I43: No disponible | J43: No disponible | L43: https://www.banxico.org.mx/publicaciones-y-prensa/anuncios-de-las-decisiones-de-politica-monetaria/{8EB6A80A-2A26-3920-B730-E05F946ECE29}.pdf | N43: Régimen: Objetivo de saldos/condiciones monetarias.
A44: D20050225 | B44: 38408 | D44: Ordinaria | E44: Objetivo de saldos/condiciones monetarias | I44: No disponible | J44: No disponible | L44: https://www.banxico.org.mx/publicaciones-y-prensa/anuncios-de-las-decisiones-de-politica-monetaria/{0275A6FB-144E-3F91-6DC2-F762EF22D654}.pdf | N44: Régimen: Objetivo de saldos/condiciones monetarias.
A45: D20050323 | B45: 38434 | D45: Ordinaria | E45: Objetivo de saldos/condiciones monetarias | I45: No disponible | J45: No disponible | L45: https://www.banxico.org.mx/publicaciones-y-prensa/anuncios-de-las-decisiones-de-politica-monetaria/{686FBF05-3E33-E5A9-3851-2A7B4D9C477F}.pdf | N45: Régimen: Objetivo de saldos/condiciones monetarias.
A46: D20050422 | B46: 38464 | D46: Ordinaria | E46: Objetivo de saldos/condiciones monetarias | G46: 0 | I46: Sin cambio | J46: No disponible | L46: https://www.banxico.org.mx/publicaciones-y-prensa/anuncios-de-las-decisiones-de-politica-monetaria/{264FE661-2553-291D-DB5D-9575CBDFCBCC}.pdf | N46: Régimen: Objetivo de saldos/condiciones monetarias.
A47: D20050527 | B47: 38499 | D47: Ordinaria | E47: Objetivo de saldos/condiciones monetarias | G47: 0 | I47: Sin cambio | J47: No disponible | L47: https://www.banxico.org.mx/publicaciones-y-prensa/anuncios-de-las-decisiones-de-politica-monetaria/{2B402DE3-1C78-0D8D-3128-965FB28B0DE5}.pdf | N47: Régimen: Objetivo de saldos/condiciones monetarias.
A48: D20050624 | B48: 38527 | D48: Ordinaria | E48: Objetivo de saldos/condiciones monetarias | G48: 0 | I48: Sin cambio | J48: No disponible | L48: https://www.banxico.org.mx/publicaciones-y-prensa/anuncios-de-las-decisiones-de-politica-monetaria/{41C482DF-BBFA-3A8B-2BB9-813D7B0DEDA8}.pdf | N48: Régimen: Objetivo de saldos/condiciones monetarias.
A49: D20050722 | B49: 38555 | D49: Ordinaria | E49: Objetivo de saldos/condiciones monetarias | G49: 0 | I49: Sin cambio | J49: No disponible | L49: https://www.banxico.org.mx/publicaciones-y-prensa/anuncios-de-las-decisiones-de-politica-monetaria/{A7405207-495C-B1FD-1609-2FFFEE3C4009}.pdf | N49: Régimen: Objetivo de saldos/condiciones monetarias.
A50: D20050826 | B50: 38590 | D50: Ordinaria | E50: Objetivo de saldos/condiciones monetarias | G50: 0 | I50: Sin cambio | J50: No disponible | L50: https://www.banxico.org.mx/publicaciones-y-prensa/anuncios-de-las-decisiones-de-politica-monetaria/{ECCC48C3-97A9-F049-4260-C4BBDB9DF8BF}.pdf | N50: Régimen: Objetivo de saldos/condiciones monetarias.
A51: D20050923 | B51: 38618 | D51: Ordinaria | E51: Objetivo de saldos/condiciones monetarias | G51: 0 | I51: Sin cambio | J51: No disponible | L51: https://www.banxico.org.mx/publicaciones-y-prensa/anuncios-de-las-decisiones-de-politica-monetaria/{44B28597-E9AC-95E6-F1A2-F41D3591F677}.pdf | N51: Régimen: Objetivo de saldos/condiciones monetarias.
A52: D20051028 | B52: 38653 | D52: Ordinaria | E52: Objetivo de saldos/condiciones monetarias | G52: 0 | I52: Sin cambio | J52: No disponible | L52: https://www.banxico.org.mx/publicaciones-y-prensa/anuncios-de-las-decisiones-de-politica-monetaria/{56832E35-9AA8-147A-91DE-49B114C0E4A2}.pdf | N52: Régimen: Objetivo de saldos/condiciones monetarias.
A53: D20051125 | B53: 38681 | D53: Ordinaria | E53: Objetivo de saldos/condiciones monetarias | G53: 0 | I53: Sin cambio | J53: No disponible | L53: https://www.banxico.org.mx/publicaciones-y-prensa/anuncios-de-las-decisiones-de-politica-monetaria/{06190477-ADD0-F6DC-2293-BC7FD83BA88C}.pdf | N53: Régimen: Objetivo de saldos/condiciones monetarias.
A54: D20051209 | B54: 38695 | D54: Ordinaria | E54: Objetivo de saldos/condiciones monetarias | G54: 0 | I54: Sin cambio | J54: No disponible | L54: https://www.banxico.org.mx/publicaciones-y-prensa/anuncios-de-las-decisiones-de-politica-monetaria/{556D068E-FDC9-4B51-C276-CBBD03780FBA}.pdf | N54: Régimen: Objetivo de saldos/condiciones monetarias.
A55: D20060127 | B55: 38744 | D55: Ordinaria | E55: Objetivo de saldos/condiciones monetarias | G55: 0 | I55: Sin cambio | J55: No disponible | L55: https://www.banxico.org.mx/publicaciones-y-prensa/anuncios-de-las-decisiones-de-politica-monetaria/{25DE104C-4312-2449-0864-74304C36964B}.pdf | N55: Régimen: Objetivo de saldos/condiciones monetarias.
A56: D20060224 | B56: 38772 | D56: Ordinaria | E56: Objetivo de saldos/condiciones monetarias | G56: 0 | I56: Sin cambio | J56: No disponible | L56: https://www.banxico.org.mx/publicaciones-y-prensa/anuncios-de-las-decisiones-de-politica-monetaria/{92E572B8-A0E1-629C-515B-FD0CBA60DAC3}.pdf | N56: Régimen: Objetivo de saldos/condiciones monetarias.
A57: D20060324 | B57: 38800 | D57: Ordinaria | E57: Objetivo de saldos/condiciones monetarias | G57: 0 | I57: Sin cambio | J57: No disponible | L57: https://www.banxico.org.mx/publicaciones-y-prensa/anuncios-de-las-decisiones-de-politica-monetaria/{A8B32BE4-FD85-777E-5C3C-A71A08145D70}.pdf | N57: Régimen: Objetivo de saldos/condiciones monetarias.
... A79: D20080118 | B79: 39465 | D79: Ordinaria | E79: Objetivo de saldos/condiciones monetarias | G79: 0 | I79: Sin cambio | J79: No disponible | L79: https://www.banxico.org.mx/publicaciones-y-prensa/anuncios-de-las-decisiones-de-politica-monetaria/{DB31F662-BA75-7F48-6B31-C7EEE8AAF9C0}.pdf | N79: Régimen: Objetivo de saldos/condiciones monetarias.
A80: D20080215 | B80: 39493 | D80: Ordinaria | E80: Tasa objetivo | F80: 7.5 | G80: 0 | H80: 7.5 | I80: Sin cambio | J80: No disponible | L80: https://www.banxico.org.mx/publicaciones-y-prensa/anuncios-de-las-decisiones-de-politica-monetaria/{21A25F9E-4186-7A2E-3EEB-8D279E8D716F}.pdf | N80: Régimen: Tasa objetivo.
A81: D20080314 | B81: 39521 | D81: Ordinaria | E81: Tasa objetivo | F81: 7.5 | G81: 0 | H81: 7.5 | I81: Sin cambio | J81: No disponible | L81: https://www.banxico.org.mx/publicaciones-y-prensa/anuncios-de-las-decisiones-de-politica-monetaria/{1AFBBDF2-F9BD-7972-B7EC-A106692521BA}.pdf | N81: Régimen: Tasa objetivo.
A82: D20080418 | B82: 39556 | D82: Ordinaria | E82: Tasa objetivo | F82: 7.5 | G82: 0 | H82: 7.5 | I82: Sin cambio | J82: No disponible | L82: https://www.banxico.org.mx/publicaciones-y-prensa/anuncios-de-las-decisiones-de-politica-monetaria/{4E43A56F-E21C-DA8D-E793-1FB347044B17}.pdf | N82: Régimen: Tasa objetivo.
A83: D20080516 | B83: 39584 | D83: Ordinaria | E83: Tasa objetivo | F83: 7.5 | G83: 0 | H83: 7.5 | I83: Sin cambio | J83: No disponible | L83: https://www.banxico.org.mx/publicaciones-y-prensa/anuncios-de-las-decisiones-de-politica-monetaria/{E4D0C362-251B-316B-68C8-C4893FD53FB3}.pdf | N83: Régimen: Tasa objetivo.
A84: D20080620 | B84: 39619 | D84: Ordinaria | E84: Tasa objetivo | F84: 7.5 | G84: 25 | H84: 7.75 | I84: Sube | J84: No disponible | L84: https://www.banxico.org.mx/publicaciones-y-prensa/anuncios-de-las-decisiones-de-politica-monetaria/{64384358-74A6-A9C2-425F-97C245F5BC2F}.pdf | N84: Régimen: Tasa objetivo.
A85: D20080718 | B85: 39647 | D85: Ordinaria | E85: Tasa objetivo | F85: 7.75 | G85: 25 | H85: 8 | I85: Sube | J85: No disponible | L85: https://www.banxico.org.mx/publicaciones-y-prensa/anuncios-de-las-decisiones-de-politica-monetaria/{ACFA5F98-5C19-0495-B708-59BB641FA0DC}.pdf | N85: Régimen: Tasa objetivo.
A86: D20080815 | B86: 39675 | D86: Ordinaria | E86: Tasa objetivo | F86: 8 | G86: 25 | H86: 8.25 | I86: Sube | J86: No disponible | L86: https://www.banxico.org.mx/publicaciones-y-prensa/anuncios-de-las-decisiones-de-politica-monetaria/{E8B861B4-C2F2-D81C-ED0E-E49221239CE6}.pdf | N86: Régimen: Tasa objetivo.
A87: D20080919 | B87: 39710 | D87: Ordinaria | E87: Tasa objetivo | F87: 8.25 | G87: 0 | H87: 8.25 | I87: Sin cambio | J87: No disponible | L87: https://www.banxico.org.mx/publicaciones-y-prensa/anuncios-de-las-decisiones-de-politica-monetaria/{A90F3265-B6F7-6A96-394A-02F5B9F7B51F}.pdf | N87: Régimen: Tasa objetivo.
A88: D20081017 | B88: 39738 | D88: Ordinaria | E88: Tasa objetivo | F88: 8.25 | G88: 0 | H88: 8.25 | I88: Sin cambio | J88: No disponible | L88: https://www.banxico.org.mx/publicaciones-y-prensa/anuncios-de-las-decisiones-de-politica-monetaria/{CBB9D6B6-BF78-2774-184A-A35F5A1BC5D7}.pdf | N88: Régimen: Tasa objetivo.
A89: D20081128 | B89: 39780 | D89: Ordinaria | E89: Tasa objetivo | F89: 8.25 | G89: 0 | H89: 8.25 | I89: Sin cambio | J89: No disponible | L89: https://www.banxico.org.mx/publicaciones-y-prensa/anuncios-de-las-decisiones-de-politica-monetaria/{F30EAF7B-9DBA-7D78-0DA0-BFAA53A55A9C}.pdf | N89: Régimen: Tasa objetivo.
A90: D20090116 | B90: 39829 | D90: Ordinaria | E90: Tasa objetivo | F90: 8.25 | G90: -50 | H90: 7.75 | I90: Baja | J90: No disponible | L90: https://www.banxico.org.mx/publicaciones-y-prensa/anuncios-de-las-decisiones-de-politica-monetaria/{079B1F73-037A-7608-26DE-65FAC0AA66A2}.pdf | N90: Régimen: Tasa objetivo.
A91: D20090220 | B91: 39864 | D91: Ordinaria | E91: Tasa objetivo | F91: 7.75 | G91: -25 | H91: 7.5 | I91: Baja | J91: No disponible | L91: https://www.banxico.org.mx/publicaciones-y-prensa/anuncios-de-las-decisiones-de-politica-monetaria/{70C0CD1E-4ECF-59BA-DA8A-AD6ACA36F2A4}.pdf | N91: Régimen: Tasa objetivo.
... A111: D20101126 | B111: 40508 | D111: Ordinaria | E111: Tasa objetivo | F111: 4.5 | G111: 0 | H111: 4.5 | I111: Sin cambio | J111: No disponible | L111: https://www.banxico.org.mx/publicaciones-y-prensa/anuncios-de-las-decisiones-de-politica-monetaria/{45345368-5002-807A-2E56-DA3F2289BE2A}.pdf | N111: Régimen: Tasa objetivo.
A112: D20110121 | B112: 40564 | D112: Ordinaria | E112: Tasa objetivo | F112: 4.5 | G112: 0 | H112: 4.5 | I112: Sin cambio | J112: Sí | K112: 0 | L112: https://www.banxico.org.mx/publicaciones-y-prensa/anuncios-de-las-decisiones-de-politica-monetaria/{5282873A-C410-36FC-465E-46EF50657871}.pdf | M112: https://www.banxico.org.mx/publicaciones-y-prensa/minutas-de-las-decisiones-de-politica-monetaria/{A3DBE068-BDA5-8215-9B91-AC0C2F8792EC}.pdf | N112: Régimen: Tasa objetivo.
A113: D20110304 | B113: 40606 | D113: Ordinaria | E113: Tasa objetivo | F113: 4.5 | G113: 0 | H113: 4.5 | I113: Sin cambio | J113: Sí | K113: 0 | L113: https://www.banxico.org.mx/publicaciones-y-prensa/anuncios-de-las-decisiones-de-politica-monetaria/{D89145E8-6232-FEFB-D839-097CF1694923}.pdf | M113: https://www.banxico.org.mx/publicaciones-y-prensa/minutas-de-las-decisiones-de-politica-monetaria/{70660AF9-E7A5-8533-968B-F21627AA338B}.pdf | N113: Régimen: Tasa objetivo.
A114: D20110415 | B114: 40648 | D114: Ordinaria | E114: Tasa objetivo | F114: 4.5 | G114: 0 | H114: 4.5 | I114: Sin cambio | J114: Sí | K114: 0 | L114: https://www.banxico.org.mx/publicaciones-y-prensa/anuncios-de-las-decisiones-de-politica-monetaria/{B1D43FD3-F87D-D923-1E08-231774259D6E}.pdf | M114: https://www.banxico.org.mx/publicaciones-y-prensa/minutas-de-las-decisiones-de-politica-monetaria/{BFD87DD4-8F75-8ECC-A4FE-B29DA6B49D66}.pdf | N114: Régimen: Tasa objetivo.
A115: D20110527 | B115: 40690 | D115: Ordinaria | E115: Tasa objetivo | F115: 4.5 | G115: 0 | H115: 4.5 | I115: Sin cambio | J115: Sí | K115: 0 | L115: https://www.banxico.org.mx/publicaciones-y-prensa/anuncios-de-las-decisiones-de-politica-monetaria/{3EAC8175-5AC9-676F-524D-22057D09C9AF}.pdf | M115: https://www.banxico.org.mx/publicaciones-y-prensa/minutas-de-las-decisiones-de-politica-monetaria/{7B3F21DE-A812-7C55-D0FD-5A1230D875E8}.pdf | N115: Régimen: Tasa objetivo.
A116: D20110708 | B116: 40732 | D116: Ordinaria | E116: Tasa objetivo | F116: 4.5 | G116: 0 | H116: 4.5 | I116: Sin cambio | J116: Sí | K116: 0 | L116: https://www.banxico.org.mx/publicaciones-y-prensa/anuncios-de-las-decisiones-de-politica-monetaria/{C53A54E5-EFE6-2798-B57A-ADD52BA4414E}.pdf | M116: https://www.banxico.org.mx/publicaciones-y-prensa/minutas-de-las-decisiones-de-politica-monetaria/{08103124-9EB4-EF0C-081A-CC63198F52A3}.pdf | N116: Régimen: Tasa objetivo.
A117: D20110826 | B117: 40781 | D117: Ordinaria | E117: Tasa objetivo | F117: 4.5 | G117: 0 | H117: 4.5 | I117: Sin cambio | J117: Sí | K117: 0 | L117: https://www.banxico.org.mx/publicaciones-y-prensa/anuncios-de-las-decisiones-de-politica-monetaria/{07D9C69A-03A0-5188-24D0-03970EA6F181}.pdf | M117: https://www.banxico.org.mx/publicaciones-y-prensa/minutas-de-las-decisiones-de-politica-monetaria/{1204F695-BB7E-2652-27F7-618E7359BCFC}.pdf | N117: Régimen: Tasa objetivo.
A118: D20111014 | B118: 40830 | D118: Ordinaria | E118: Tasa objetivo | F118: 4.5 | G118: 0 | H118: 4.5 | I118: Sin cambio | J118: Sí | K118: 0 | L118: https://www.banxico.org.mx/publicaciones-y-prensa/anuncios-de-las-decisiones-de-politica-monetaria/{4358F902-0DE6-260D-1E38-BCFEE59B570E}.pdf | M118: https://www.banxico.org.mx/publicaciones-y-prensa/minutas-de-las-decisiones-de-politica-monetaria/{40753B54-1B88-5957-B9AB-7DAE838EC395}.pdf | N118: Régimen: Tasa objetivo.
A119: D20111202 | B119: 40879 | D119: Ordinaria | E119: Tasa objetivo | F119: 4.5 | G119: 0 | H119: 4.5 | I119: Sin cambio | J119: Sí | K119: 0 | L119: https://www.banxico.org.mx/publicaciones-y-prensa/anuncios-de-las-decisiones-de-politica-monetaria/{53C9AEAC-563A-4E3B-E6A8-27DC7C155948}.pdf | M119: https://www.banxico.org.mx/publicaciones-y-prensa/minutas-de-las-decisiones-de-politica-monetaria/{64772582-C7F4-471F-317D-00A2D37A5B41}.pdf | N119: Régimen: Tasa objetivo.
A120: D20120120 | B120: 40928 | D120: Ordinaria | E120: Tasa objetivo | F120: 4.5 | G120: 0 | H120: 4.5 | I120: Sin cambio | J120: Sí | K120: 0 | L120: https://www.banxico.org.mx/publicaciones-y-prensa/anuncios-de-las-decisiones-de-politica-monetaria/{7D6208ED-793D-993A-96B6-465971CF2373}.pdf | M120: https://www.banxico.org.mx/publicaciones-y-prensa/minutas-de-las-decisiones-de-politica-monetaria/{756A02D7-9EF0-99A4-3B0F-BD64F20FA03B}.pdf | N120: Régimen: Tasa objetivo.
A121: D20120316 | B121: 40984 | D121: Ordinaria | E121: Tasa objetivo | F121: 4.5 | G121: 0 | H121: 4.5 | I121: Sin cambio | J121: Sí | K121: 0 | L121: https://www.banxico.org.mx/publicaciones-y-prensa/anuncios-de-las-decisiones-de-politica-monetaria/{044CE0CA-6924-4CCD-F33A-DC240EA6A6F8}.pdf | M121: https://www.banxico.org.mx/publicaciones-y-prensa/minutas-de-las-decisiones-de-politica-monetaria/{4884526F-58E9-E525-8AD2-FA99A89C3034}.pdf | N121: Régimen: Tasa objetivo.
A122: D20120427 | B122: 41026 | D122: Ordinaria | E122: Tasa objetivo | F122: 4.5 | G122: 0 | H122: 4.5 | I122: Sin cambio | J122: Sí | K122: 0 | L122: https://www.banxico.org.mx/publicaciones-y-prensa/anuncios-de-las-decisiones-de-politica-monetaria/{9A5E9E34-2639-BCA3-DEBB-B5E736C57163}.pdf | M122: https://www.banxico.org.mx/publicaciones-y-prensa/minutas-de-las-decisiones-de-politica-monetaria/{E9C111E2-0D41-934B-E80E-7C8DE54C710E}.pdf | N122: Régimen: Tasa objetivo.
A123: D20120608 | B123: 41068 | D123: Ordinaria | E123: Tasa objetivo | F123: 4.5 | G123: 0 | H123: 4.5 | I123: Sin cambio | J123: Sí | K123: 0 | L123: https://www.banxico.org.mx/publicaciones-y-prensa/anuncios-de-las-decisiones-de-politica-monetaria/{FFA12516-877A-7437-28FC-C81D75A9CE7A}.pdf | M123: https://www.banxico.org.mx/publicaciones-y-prensa/minutas-de-las-decisiones-de-politica-monetaria/{F546C1A0-4153-01EF-6268-6DB41F96E3D3}.pdf | N123: Régimen: Tasa objetivo.
... A128: D20130118 | B128: 41292 | D128: Ordinaria | E128: Tasa objetivo | F128: 4.5 | G128: 0 | H128: 4.5 | I128: Sin cambio | J128: Sí | K128: 0 | L128: https://www.banxico.org.mx/publicaciones-y-prensa/anuncios-de-las-decisiones-de-politica-monetaria/{9FBF12AA-D7D8-E0B2-CCC4-5E6FB38FEBCE}.pdf | M128: https://www.banxico.org.mx/publicaciones-y-prensa/minutas-de-las-decisiones-de-politica-monetaria/{3EC00B2A-1A11-DDB7-2A8D-276FA059178D}.pdf | N128: Régimen: Tasa objetivo.
A129: D20130308 | B129: 41341 | D129: Ordinaria | E129: Tasa objetivo | F129: 4.5 | G129: -50 | H129: 4 | I129: Baja | J129: No disponible | L129: https://www.banxico.org.mx/publicaciones-y-prensa/anuncios-de-las-decisiones-de-politica-monetaria/{B1BB0083-81E6-6A46-917A-A4F34773D8E1}.pdf | M129: https://www.banxico.org.mx/publicaciones-y-prensa/minutas-de-las-decisiones-de-politica-monetaria/{930C6DD6-58E4-F349-46E1-0D7230FAE7E0}.pdf | N129: Régimen: Tasa objetivo.
A130: D20130426 | B130: 41390 | D130: Ordinaria | E130: Tasa objetivo | F130: 4 | G130: 0 | H130: 4 | I130: Sin cambio | J130: No disponible | L130: https://www.banxico.org.mx/publicaciones-y-prensa/anuncios-de-las-decisiones-de-politica-monetaria/{4C77F6F1-04BD-3D32-DE6B-DB6C32D93667}.pdf | M130: https://www.banxico.org.mx/publicaciones-y-prensa/minutas-de-las-decisiones-de-politica-monetaria/{0B6B8633-5A2D-D7AE-3A8D-90B3467D5265}.pdf | N130: Régimen: Tasa objetivo.
A131: D20130607 | B131: 41432 | D131: Ordinaria | E131: Tasa objetivo | F131: 4 | G131: 0 | H131: 4 | I131: Sin cambio | J131: No disponible | L131: https://www.banxico.org.mx/publicaciones-y-prensa/anuncios-de-las-decisiones-de-politica-monetaria/{D05752AF-DE1F-1AA6-708D-EB0613FD8273}.pdf | M131: https://www.banxico.org.mx/publicaciones-y-prensa/minutas-de-las-decisiones-de-politica-monetaria/{8C689AC7-E3B4-25BC-A5FC-B48FA294FE90}.pdf | N131: Régimen: Tasa objetivo.
A132: D20130712 | B132: 41467 | D132: Ordinaria | E132: Tasa objetivo | F132: 4 | G132: 0 | H132: 4 | I132: Sin cambio | J132: Sí | K132: 0 | L132: https://www.banxico.org.mx/publicaciones-y-prensa/anuncios-de-las-decisiones-de-politica-monetaria/{C50924ED-D6B5-E713-7FC4-2BB50704867E}.pdf | M132: https://www.banxico.org.mx/publicaciones-y-prensa/minutas-de-las-decisiones-de-politica-monetaria/{C3DE8B2D-FD55-C3CC-109A-DCA36EAD34E2}.pdf | N132: Régimen: Tasa objetivo.
A133: D20130906 | B133: 41523 | D133: Ordinaria | E133: Tasa objetivo | F133: 4 | G133: -25 | H133: 3.75 | I133: Baja | J133: No | L133: https://www.banxico.org.mx/publicaciones-y-prensa/anuncios-de-las-decisiones-de-politica-monetaria/{27B95C51-9084-A3B9-EBE5-069CF8EC6AD4}.pdf | M133: https://www.banxico.org.mx/publicaciones-y-prensa/minutas-de-las-decisiones-de-politica-monetaria/{3611BA82-C866-44AF-B042-398328F045BC}.pdf | N133: Régimen: Tasa objetivo.
A134: D20131025 | B134: 41572 | D134: Ordinaria | E134: Tasa objetivo | F134: 3.75 | G134: -25 | H134: 3.5 | I134: Baja | J134: Sí | K134: 0 | L134: https://www.banxico.org.mx/publicaciones-y-prensa/anuncios-de-las-decisiones-de-politica-monetaria/{F658A41A-1266-7EE9-F392-E598B9518768}.pdf | M134: https://www.banxico.org.mx/publicaciones-y-prensa/minutas-de-las-decisiones-de-politica-monetaria/{9DFEADFA-9CB9-9851-AE6F-C266B3B033F6}.pdf | N134: Régimen: Tasa objetivo.
A135: D20131206 | B135: 41614 | D135: Ordinaria | E135: Tasa objetivo | F135: 3.5 | G135: 0 | H135: 3.5 | I135: Sin cambio | J135: Sí | K135: 0 | L135: https://www.banxico.org.mx/publicaciones-y-prensa/anuncios-de-las-decisiones-de-politica-monetaria/{4E15E62F-8409-1715-2B50-29107081A593}.pdf | M135: https://www.banxico.org.mx/publicaciones-y-prensa/minutas-de-las-decisiones-de-politica-monetaria/{E92AA561-4A03-AEE3-0E8A-79D4FAA30362}.pdf | N135: Régimen: Tasa objetivo.
A136: D20140131 | B136: 41670 | D136: Ordinaria | E136: Tasa objetivo | F136: 3.5 | G136: 0 | H136: 3.5 | I136: Sin cambio | J136: Sí | K136: 0 | L136: https://www.banxico.org.mx/publicaciones-y-prensa/anuncios-de-las-decisiones-de-politica-monetaria/{56178024-CC63-0115-AF52-13EC9922A5BD}.pdf | M136: https://www.banxico.org.mx/publicaciones-y-prensa/minutas-de-las-decisiones-de-politica-monetaria/{1AD19DD6-42C9-6F55-5A02-4F1AB67F525A}.pdf | N136: Régimen: Tasa objetivo.
A137: D20140321 | B137: 41719 | D137: Ordinaria | E137: Tasa objetivo | F137: 3.5 | G137: 0 | H137: 3.5 | I137: Sin cambio | J137: No disponible | L137: https://www.banxico.org.mx/publicaciones-y-prensa/anuncios-de-las-decisiones-de-politica-monetaria/{309E74CE-3529-6B58-54B6-09A3AD31140C}.pdf | M137: https://www.banxico.org.mx/publicaciones-y-prensa/minutas-de-las-decisiones-de-politica-monetaria/{4FD893DC-6685-D958-E7F5-32660AEC2D18}.pdf | N137: Régimen: Tasa objetivo.
A138: D20140425 | B138: 41754 | D138: Ordinaria | E138: Tasa objetivo | F138: 3.5 | G138: 0 | H138: 3.5 | I138: Sin cambio | J138: Sí | K138: 0 | L138: https://www.banxico.org.mx/publicaciones-y-prensa/anuncios-de-las-decisiones-de-politica-monetaria/{578E4D04-DB2C-2627-161B-5CD93B4D3961}.pdf | M138: https://www.banxico.org.mx/publicaciones-y-prensa/minutas-de-las-decisiones-de-politica-monetaria/{5846CA85-DC06-774F-6BE7-795F445BA499}.pdf | N138: Régimen: Tasa objetivo.
A139: D20140606 | B139: 41796 | D139: Ordinaria | E139: Tasa objetivo | F139: 3.5 | G139: -50 | H139: 3 | I139: Baja | J139: No disponible | L139: https://www.banxico.org.mx/publicaciones-y-prensa/anuncios-de-las-decisiones-de-politica-monetaria/{72EDC731-0F29-9D66-1291-B8C4751F15CE}.pdf | M139: https://www.banxico.org.mx/publicaciones-y-prensa/minutas-de-las-decisiones-de-politica-monetaria/{109E42A5-8E58-624C-73DB-00BE9C66F68B}.pdf | N139: Régimen: Tasa objetivo.
A140: D20140711 | B140: 41831 | D140: Ordinaria | E140: Tasa objetivo | F140: 3 | G140: 0 | H140: 3 | I140: Sin cambio | J140: Sí | K140: 0 | L140: https://www.banxico.org.mx/publicaciones-y-prensa/anuncios-de-las-decisiones-de-politica-monetaria/{2AB5FCA9-2C0D-EE65-4670-816E23628FC6}.pdf | M140: https://www.banxico.org.mx/publicaciones-y-prensa/minutas-de-las-decisiones-de-politica-monetaria/{4BBA4BD4-1E93-43BB-729B-81F928AC241D}.pdf | N140: Régimen: Tasa objetivo.
A141: D20140905 | B141: 41887 | D141: Ordinaria | E141: Tasa objetivo | F141: 3 | G141: 0 | H141: 3 | I141: Sin cambio | J141: Sí | K141: 0 | L141: https://www.banxico.org.mx/publicaciones-y-prensa/anuncios-de-las-decisiones-de-politica-monetaria/{9EB24CA1-39E6-A525-51BA-3EC753FF4B95}.pdf | M141: https://www.banxico.org.mx/publicaciones-y-prensa/minutas-de-las-decisiones-de-politica-monetaria/{15D1D16C-6E36-F940-A9FD-C03DD54FBE5E}.pdf | N141: Régimen: Tasa objetivo.
A142: D20141031 | B142: 41943 | D142: Ordinaria | E142: Tasa objetivo | F142: 3 | G142: 0 | H142: 3 | I142: Sin cambio | J142: Sí | K142: 0 | L142: https://www.banxico.org.mx/publicaciones-y-prensa/anuncios-de-las-decisiones-de-politica-monetaria/{8745E5FE-AE35-A71C-CE15-FE638F7BF96E}.pdf | M142: https://www.banxico.org.mx/publicaciones-y-prensa/minutas-de-las-decisiones-de-politica-monetaria/{80187B6A-2B0F-C806-0482-CC2227D702D0}.pdf | N142: Régimen: Tasa objetivo.
A143: D20141205 | B143: 41978 | D143: Ordinaria | E143: Tasa objetivo | F143: 3 | G143: 0 | H143: 3 | I143: Sin cambio | J143: Sí | K143: 0 | L143: https://www.banxico.org.mx/publicaciones-y-prensa/anuncios-de-las-decisiones-de-politica-monetaria/{55344987-3355-2A83-FE8A-C1FE9C71F5A6}.pdf | M143: https://www.banxico.org.mx/publicaciones-y-prensa/minutas-de-las-decisiones-de-politica-monetaria/{52CDAF65-32B0-5B19-A12A-3B73A639A1A2}.pdf | N143: Régimen: Tasa objetivo.
A144: D20150129 | B144: 42033 | D144: Ordinaria | E144: Tasa objetivo | F144: 3 | G144: 0 | H144: 3 | I144: Sin cambio | J144: Sí | K144: 0 | L144: https://www.banxico.org.mx/publicaciones-y-prensa/anuncios-de-las-decisiones-de-politica-monetaria/{C9753BF8-12B8-F7AC-F518-BB45EE2BC958}.pdf | M144: https://www.banxico.org.mx/publicaciones-y-prensa/minutas-de-las-decisiones-de-politica-monetaria/{FE693B25-7057-1B90-D866-30506ABB5848}.pdf | N144: Régimen: Tasa objetivo.
A145: D20150326 | B145: 42089 | D145: Ordinaria | E145: Tasa objetivo | F145: 3 | G145: 0 | H145: 3 | I145: Sin cambio | J145: Sí | K145: 0 | L145: https://www.banxico.org.mx/publicaciones-y-prensa/anuncios-de-las-decisiones-de-politica-monetaria/{3FD893CC-8D2F-C4CF-BB5D-C4AF49BD9E15}.pdf | M145: https://www.banxico.org.mx/publicaciones-y-prensa/minutas-de-las-decisiones-de-politica-monetaria/{A520F575-7066-64BD-B864-FEEBAB9AE2E4}.pdf | N145: Régimen: Tasa objetivo.
...

Sheet Participacion_Junta
A1: Decision_ID | B1: Persona_ID | C1: Cargo | D1: Participacion_Confirmada | E1: Observaciones
A2: D20180517 | B2: P009 | C2: Integrante de la Junta de Gobierno | D2: Presente | E2: Presencia confirmada por la lista de asistentes y/o el voto nominal. Comunicado: https://www.banxico.org.mx/publicaciones-y-prensa/anuncios-de-las-decisiones-de-politica-monetaria/{FA7D3584-6233-EB61-D6D0-420712FB01C2}.pdf | Minuta: https://www.banxico.org.mx/publicaciones-y-prensa/minutas-de-las-decisiones-de-politica-monetaria/{1FC983E2-2499-C296-FE71-85F7ABD67EC3}.pdf
A3: D20180517 | B3: P012 | C3: Integrante de la Junta de Gobierno | D3: Presente | E3: Presencia confirmada por la lista de asistentes y/o el voto nominal. Comunicado: https://www.banxico.org.mx/publicaciones-y-prensa/anuncios-de-las-decisiones-de-politica-monetaria/{FA7D3584-6233-EB61-D6D0-420712FB01C2}.pdf | Minuta: https://www.banxico.org.mx/publicaciones-y-prensa/minutas-de-las-decisiones-de-politica-monetaria/{1FC983E2-2499-C296-FE71-85F7ABD67EC3}.pdf
A4: D20180517 | B4: P013 | C4: Integrante de la Junta de Gobierno | D4: Presente | E4: Presencia confirmada por la lista de asistentes y/o el voto nominal. Comunicado: https://www.banxico.org.mx/publicaciones-y-prensa/anuncios-de-las-decisiones-de-politica-monetaria/{FA7D3584-6233-EB61-D6D0-420712FB01C2}.pdf | Minuta: https://www.banxico.org.mx/publicaciones-y-prensa/minutas-de-las-decisiones-de-politica-monetaria/{1FC983E2-2499-C296-FE71-85F7ABD67EC3}.pdf
A5: D20180517 | B5: P014 | C5: Integrante de la Junta de Gobierno | D5: Presente | E5: Presencia confirmada por la lista de asistentes y/o el voto nominal. Comunicado: https://www.banxico.org.mx/publicaciones-y-prensa/anuncios-de-las-decisiones-de-politica-monetaria/{FA7D3584-6233-EB61-D6D0-420712FB01C2}.pdf | Minuta: https://www.banxico.org.mx/publicaciones-y-prensa/minutas-de-las-decisiones-de-politica-monetaria/{1FC983E2-2499-C296-FE71-85F7ABD67EC3}.pdf
A6: D20180517 | B6: P015 | C6: Integrante de la Junta de Gobierno | D6: Presente | E6: Presencia confirmada por la lista de asistentes y/o el voto nominal. Comunicado: https://www.banxico.org.mx/publicaciones-y-prensa/anuncios-de-las-decisiones-de-politica-monetaria/{FA7D3584-6233-EB61-D6D0-420712FB01C2}.pdf | Minuta: https://www.banxico.org.mx/publicaciones-y-prensa/minutas-de-las-decisiones-de-politica-monetaria/{1FC983E2-2499-C296-FE71-85F7ABD67EC3}.pdf
A7: D20180621 | B7: P009 | C7: Integrante de la Junta de Gobierno | D7: Presente | E7: Presencia confirmada por la lista de asistentes y/o el voto nominal. Comunicado: https://www.banxico.org.mx/publicaciones-y-prensa/anuncios-de-las-decisiones-de-politica-monetaria/{32F5F0C4-9EE7-8BB9-3AE0-291882583F3B}.pdf | Minuta: https://www.banxico.org.mx/publicaciones-y-prensa/minutas-de-las-decisiones-de-politica-monetaria/{9D52CB8A-4EA3-F381-42CC-B4A5E02E76E1}.pdf
A8: D20180621 | B8: P012 | C8: Integrante de la Junta de Gobierno | D8: Presente | E8: Presencia confirmada por la lista de asistentes y/o el voto nominal. Comunicado: https://www.banxico.org.mx/publicaciones-y-prensa/anuncios-de-las-decisiones-de-politica-monetaria/{32F5F0C4-9EE7-8BB9-3AE0-291882583F3B}.pdf | Minuta: https://www.banxico.org.mx/publicaciones-y-prensa/minutas-de-las-decisiones-de-politica-monetaria/{9D52CB8A-4EA3-F381-42CC-B4A5E02E76E1}.pdf
A9: D20180621 | B9: P013 | C9: Integrante de la Junta de Gobierno | D9: Presente | E9: Presencia confirmada por la lista de asistentes y/o el voto nominal. Comunicado: https://www.banxico.org.mx/publicaciones-y-prensa/anuncios-de-las-decisiones-de-politica-monetaria/{32F5F0C4-9EE7-8BB9-3AE0-291882583F3B}.pdf | Minuta: https://www.banxico.org.mx/publicaciones-y-prensa/minutas-de-las-decisiones-de-politica-monetaria/{9D52CB8A-4EA3-F381-42CC-B4A5E02E76E1}.pdf
A10: D20180621 | B10: P014 | C10: Integrante de la Junta de Gobierno | D10: Presente | E10: Presencia confirmada por la lista de asistentes y/o el voto nominal. Comunicado: https://www.banxico.org.mx/publicaciones-y-prensa/anuncios-de-las-decisiones-de-politica-monetaria/{32F5F0C4-9EE7-8BB9-3AE0-291882583F3B}.pdf | Minuta: https://www.banxico.org.mx/publicaciones-y-prensa/minutas-de-las-decisiones-de-politica-monetaria/{9D52CB8A-4EA3-F381-42CC-B4A5E02E76E1}.pdf
A11: D20180621 | B11: P015 | C11: Integrante de la Junta de Gobierno | D11: Presente | E11: Presencia confirmada por la lista de asistentes y/o el voto nominal. Comunicado: https://www.banxico.org.mx/publicaciones-y-prensa/anuncios-de-las-decisiones-de-politica-monetaria/{32F5F0C4-9EE7-8BB9-3AE0-291882583F3B}.pdf | Minuta: https://www.banxico.org.mx/publicaciones-y-prensa/minutas-de-las-decisiones-de-politica-monetaria/{9D52CB8A-4EA3-F381-42CC-B4A5E02E76E1}.pdf
A12: D20180802 | B12: P009 | C12: Integrante de la Junta de Gobierno | D12: Presente | E12: Presencia confirmada por la lista de asistentes y/o el voto nominal. Comunicado: https://www.banxico.org.mx/publicaciones-y-prensa/anuncios-de-las-decisiones-de-politica-monetaria/{B0E8D2FC-D7D2-F62C-E385-936DB840A68A}.pdf | Minuta: https://www.banxico.org.mx/publicaciones-y-prensa/minutas-de-las-decisiones-de-politica-monetaria/{BC265005-129F-A5FD-309A-229CC8559229}.pdf
... A26: D20181115 | B26: P015 | C26: Integrante de la Junta de Gobierno | D26: Presente | E26: Presencia confirmada por la lista de asistentes y/o el voto nominal. Comunicado: https://www.banxico.org.mx/publicaciones-y-prensa/anuncios-de-las-decisiones-de-politica-monetaria/{759F9C79-B40F-CD69-E10F-C56C3265923A}.pdf | Minuta: https://www.banxico.org.mx/publicaciones-y-prensa/minutas-de-las-decisiones-de-politica-monetaria/{E71098EA-AC1E-45CB-F1FC-1BCA43571239}.pdf
A27: D20181220 | C27: Integrante de la Junta de Gobierno | D27: Vacante | E27: Vacante documentada entre la renuncia efectiva de Roberto del Cueto y la designación de Gerardo Esquivel. Fuentes oficiales: https://www.banxico.org.mx/publicaciones-y-prensa/miscelaneos/%7BC5A7D143-40F7-225C-9512-BF9225502B23%7D.pdf | https://www.banxico.org.mx/publicaciones-y-prensa/miscelaneos/%7BD37EA8D9-E439-1416-06B2-539CF2DC3B90%7D.pdf
A28: D20181220 | B28: P012 | C28: Integrante de la Junta de Gobierno | D28: Presente | E28: Presencia confirmada por la lista de asistentes y/o el voto nominal. Comunicado: https://www.banxico.org.mx/publicaciones-y-prensa/anuncios-de-las-decisiones-de-politica-monetaria/{0CB97688-9500-D1A2-A000-C60DAF3E853F}.pdf | Minuta: https://www.banxico.org.mx/publicaciones-y-prensa/minutas-de-las-decisiones-de-politica-monetaria/{5EC61A9B-E408-3DA8-C647-97B441EC6D76}.pdf
A29: D20181220 | B29: P013 | C29: Integrante de la Junta de Gobierno | D29: Presente | E29: Presencia confirmada por la lista de asistentes y/o el voto nominal. Comunicado: https://www.banxico.org.mx/publicaciones-y-prensa/anuncios-de-las-decisiones-de-politica-monetaria/{0CB97688-9500-D1A2-A000-C60DAF3E853F}.pdf | Minuta: https://www.banxico.org.mx/publicaciones-y-prensa/minutas-de-las-decisiones-de-politica-monetaria/{5EC61A9B-E408-3DA8-C647-97B441EC6D76}.pdf
A30: D20181220 | B30: P014 | C30: Integrante de la Junta de Gobierno | D30: Presente | E30: Presencia confirmada por la lista de asistentes y/o el voto nominal. Comunicado: https://www.banxico.org.mx/publicaciones-y-prensa/anuncios-de-las-decisiones-de-politica-monetaria/{0CB97688-9500-D1A2-A000-C60DAF3E853F}.pdf | Minuta: https://www.banxico.org.mx/publicaciones-y-prensa/minutas-de-las-decisiones-de-politica-monetaria/{5EC61A9B-E408-3DA8-C647-97B441EC6D76}.pdf
A31: D20181220 | B31: P015 | C31: Integrante de la Junta de Gobierno | D31: Presente | E31: Presencia confirmada por la lista de asistentes y/o el voto nominal. Comunicado: https://www.banxico.org.mx/publicaciones-y-prensa/anuncios-de-las-decisiones-de-politica-monetaria/{0CB97688-9500-D1A2-A000-C60DAF3E853F}.pdf | Minuta: https://www.banxico.org.mx/publicaciones-y-prensa/minutas-de-las-decisiones-de-politica-monetaria/{5EC61A9B-E408-3DA8-C647-97B441EC6D76}.pdf
A32: D20190207 | B32: P013 | C32: Integrante de la Junta de Gobierno | D32: Presente | E32: Presencia confirmada por la lista de asistentes y/o el voto nominal. Comunicado: https://www.banxico.org.mx/publicaciones-y-prensa/anuncios-de-las-decisiones-de-politica-monetaria/{066D3F9D-6038-F9FD-88C6-DFE4977DF0D3}.pdf | Minuta: https://www.banxico.org.mx/publicaciones-y-prensa/minutas-de-las-decisiones-de-politica-monetaria/{A63CB66A-5AED-15AE-F534-2D99FB3FA7C9}.pdf
A33: D20190207 | B33: P014 | C33: Integrante de la Junta de Gobierno | D33: Presente | E33: Presencia confirmada por la lista de asistentes y/o el voto nominal. Comunicado: https://www.banxico.org.mx/publicaciones-y-prensa/anuncios-de-las-decisiones-de-politica-monetaria/{066D3F9D-6038-F9FD-88C6-DFE4977DF0D3}.pdf | Minuta: https://www.banxico.org.mx/publicaciones-y-prensa/minutas-de-las-decisiones-de-politica-monetaria/{A63CB66A-5AED-15AE-F534-2D99FB3FA7C9}.pdf
A34: D20190207 | B34: P015 | C34: Integrante de la Junta de Gobierno | D34: Presente | E34: Presencia confirmada por la lista de asistentes y/o el voto nominal. Comunicado: https://www.banxico.org.mx/publicaciones-y-prensa/anuncios-de-las-decisiones-de-politica-monetaria/{066D3F9D-6038-F9FD-88C6-DFE4977DF0D3}.pdf | Minuta: https://www.banxico.org.mx/publicaciones-y-prensa/minutas-de-las-decisiones-de-politica-monetaria/{A63CB66A-5AED-15AE-F534-2D99FB3FA7C9}.pdf
A35: D20190207 | B35: P016 | C35: Integrante de la Junta de Gobierno | D35: Presente | E35: Presencia confirmada por la lista de asistentes y/o el voto nominal. Comunicado: https://www.banxico.org.mx/publicaciones-y-prensa/anuncios-de-las-decisiones-de-politica-monetaria/{066D3F9D-6038-F9FD-88C6-DFE4977DF0D3}.pdf | Minuta: https://www.banxico.org.mx/publicaciones-y-prensa/minutas-de-las-decisiones-de-politica-monetaria/{A63CB66A-5AED-15AE-F534-2D99FB3FA7C9}.pdf
A36: D20190207 | B36: P017 | C36: Integrante de la Junta de Gobierno | D36: Presente | E36: Presencia confirmada por la lista de asistentes y/o el voto nominal. Comunicado: https://www.banxico.org.mx/publicaciones-y-prensa/anuncios-de-las-decisiones-de-politica-monetaria/{066D3F9D-6038-F9FD-88C6-DFE4977DF0D3}.pdf | Minuta: https://www.banxico.org.mx/publicaciones-y-prensa/minutas-de-las-decisiones-de-politica-monetaria/{A63CB66A-5AED-15AE-F534-2D99FB3FA7C9}.pdf
A37: D20190328 | B37: P013 | C37: Integrante de la Junta de Gobierno | D37: Presente | E37: Presencia confirmada por la lista de asistentes y/o el voto nominal. Comunicado: https://www.banxico.org.mx/publicaciones-y-prensa/anuncios-de-las-decisiones-de-politica-monetaria/{0F4AB746-781C-0D0A-5E3F-D5D28B14040C}.pdf | Minuta: https://www.banxico.org.mx/publicaciones-y-prensa/minutas-de-las-decisiones-de-politica-monetaria/{FB16B517-D1BF-D281-60B9-C3552469117C}.pdf
A38: D20190328 | B38: P014 | C38: Integrante de la Junta de Gobierno | D38: Presente | E38: Presencia confirmada por la lista de asistentes y/o el voto nominal. Comunicado: https://www.banxico.org.mx/publicaciones-y-prensa/anuncios-de-las-decisiones-de-politica-monetaria/{0F4AB746-781C-0D0A-5E3F-D5D28B14040C}.pdf | Minuta: https://www.banxico.org.mx/publicaciones-y-prensa/minutas-de-las-decisiones-de-politica-monetaria/{FB16B517-D1BF-D281-60B9-C3552469117C}.pdf
A39: D20190328 | B39: P015 | C39: Integrante de la Junta de Gobierno | D39: Presente | E39: Presencia confirmada por la lista de asistentes y/o el voto nominal. Comunicado: https://www.banxico.org.mx/publicaciones-y-prensa/anuncios-de-las-decisiones-de-politica-monetaria/{0F4AB746-781C-0D0A-5E3F-D5D28B14040C}.pdf | Minuta: https://www.banxico.org.mx/publicaciones-y-prensa/minutas-de-las-decisiones-de-politica-monetaria/{FB16B517-D1BF-D281-60B9-C3552469117C}.pdf
... A346: D20260924 | B346: P021 | C346: Integrante de la Junta de Gobierno | D346: Presente | E346: Comunicado oficial: https://www.banxico.org.mx/publicaciones-y-prensa/anuncios-de-las-decisiones-de-politica-monetaria/{7D0BDB6E-E519-9C69-04AA-ABD4D31E4850}.pdf. El comunicado declara presencia de todos los miembros y decisión unánime.

Sheet Votaciones
A1: Decision_ID | B1: Persona_ID | C1: Voto | D1: Tipo_Voto | E1: Nivel_Identificacion | F1: Observaciones
A2: D20130906 | C2: No disponible | D2: No identificable | E2: Anónimo | F2: El documento oficial declara mayoría/disenso sin identificación nominal suficiente.
A3: D20180517 | B3: P009 | C3: Mantener | D3: Consenso | E3: Público | F3: Voto nominal explícito en la sección 4. VOTACIÓN de la minuta oficial. Minuta oficial: https://www.banxico.org.mx/publicaciones-y-prensa/minutas-de-las-decisiones-de-politica-monetaria/{1FC983E2-2499-C296-FE71-85F7ABD67EC3}.pdf
A4: D20180517 | B4: P012 | C4: Mantener | D4: Consenso | E4: Público | F4: Voto nominal explícito en la sección 4. VOTACIÓN de la minuta oficial. Minuta oficial: https://www.banxico.org.mx/publicaciones-y-prensa/minutas-de-las-decisiones-de-politica-monetaria/{1FC983E2-2499-C296-FE71-85F7ABD67EC3}.pdf
A5: D20180517 | B5: P013 | C5: Mantener | D5: Consenso | E5: Público | F5: Voto nominal explícito en la sección 4. VOTACIÓN de la minuta oficial. Minuta oficial: https://www.banxico.org.mx/publicaciones-y-prensa/minutas-de-las-decisiones-de-politica-monetaria/{1FC983E2-2499-C296-FE71-85F7ABD67EC3}.pdf
A6: D20180517 | B6: P014 | C6: Mantener | D6: Consenso | E6: Público | F6: Voto nominal explícito en la sección 4. VOTACIÓN de la minuta oficial. Minuta oficial: https://www.banxico.org.mx/publicaciones-y-prensa/minutas-de-las-decisiones-de-politica-monetaria/{1FC983E2-2499-C296-FE71-85F7ABD67EC3}.pdf
A7: D20180517 | B7: P015 | C7: Mantener | D7: Consenso | E7: Público | F7: Voto nominal explícito en la sección 4. VOTACIÓN de la minuta oficial. Minuta oficial: https://www.banxico.org.mx/publicaciones-y-prensa/minutas-de-las-decisiones-de-politica-monetaria/{1FC983E2-2499-C296-FE71-85F7ABD67EC3}.pdf
A8: D20180621 | B8: P009 | C8: Subir | D8: Consenso | E8: Público | F8: Voto nominal explícito en la sección 4. VOTACIÓN de la minuta oficial. Minuta oficial: https://www.banxico.org.mx/publicaciones-y-prensa/minutas-de-las-decisiones-de-politica-monetaria/{9D52CB8A-4EA3-F381-42CC-B4A5E02E76E1}.pdf
A9: D20180621 | B9: P012 | C9: Subir | D9: Consenso | E9: Público | F9: Voto nominal explícito en la sección 4. VOTACIÓN de la minuta oficial. Minuta oficial: https://www.banxico.org.mx/publicaciones-y-prensa/minutas-de-las-decisiones-de-politica-monetaria/{9D52CB8A-4EA3-F381-42CC-B4A5E02E76E1}.pdf
A10: D20180621 | B10: P013 | C10: Subir | D10: Consenso | E10: Público | F10: Voto nominal explícito en la sección 4. VOTACIÓN de la minuta oficial. Minuta oficial: https://www.banxico.org.mx/publicaciones-y-prensa/minutas-de-las-decisiones-de-politica-monetaria/{9D52CB8A-4EA3-F381-42CC-B4A5E02E76E1}.pdf
A11: D20180621 | B11: P014 | C11: Subir | D11: Consenso | E11: Público | F11: Voto nominal explícito en la sección 4. VOTACIÓN de la minuta oficial. Minuta oficial: https://www.banxico.org.mx/publicaciones-y-prensa/minutas-de-las-decisiones-de-politica-monetaria/{9D52CB8A-4EA3-F381-42CC-B4A5E02E76E1}.pdf
A12: D20180621 | B12: P015 | C12: Subir | D12: Consenso | E12: Público | F12: Voto nominal explícito en la sección 4. VOTACIÓN de la minuta oficial. Minuta oficial: https://www.banxico.org.mx/publicaciones-y-prensa/minutas-de-las-decisiones-de-politica-monetaria/{9D52CB8A-4EA3-F381-42CC-B4A5E02E76E1}.pdf
A13: D20180802 | B13: P009 | C13: Mantener | D13: Consenso | E13: Público | F13: Voto nominal explícito en la sección 4. VOTACIÓN de la minuta oficial. Minuta oficial: https://www.banxico.org.mx/publicaciones-y-prensa/minutas-de-las-decisiones-de-politica-monetaria/{BC265005-129F-A5FD-309A-229CC8559229}.pdf
A14: D20180802 | B14: P012 | C14: Mantener | D14: Consenso | E14: Público | F14: Voto nominal explícito en la sección 4. VOTACIÓN de la minuta oficial. Minuta oficial: https://www.banxico.org.mx/publicaciones-y-prensa/minutas-de-las-decisiones-de-politica-monetaria/{BC265005-129F-A5FD-309A-229CC8559229}.pdf
... A346: D20260924 | B346: P021 | C346: Mantener | D346: Consenso | E346: Público | F346: Comunicado oficial: https://www.banxico.org.mx/publicaciones-y-prensa/anuncios-de-las-decisiones-de-politica-monetaria/{7D0BDB6E-E519-9C69-04AA-ABD4D31E4850}.pdf. El comunicado declara presencia de todos los miembros y decisión unánime.

Sheet Personas
A1: Persona_ID | B1: Nombre
A2: P001 | B2: Miguel Mancera Aguayo
A3: P002 | B3: Ariel Buira Seira
A4: P003 | B4: Francisco Gil Díaz
A5: P004 | B5: Guillermo Güémez García
A6: P005 | B6: Jesús Marcos Yacamán
A7: P006 | B7: José Julián Sidaoui Dib
A8: P007 | B8: Everardo Elizondo Almaguer
A9: P008 | B9: Guillermo Ortiz Martínez
A10: P009 | B10: Roberto del Cueto Legaspi
A11: P010 | B11: Manuel Sánchez González
A12: P011 | B12: Agustín Carstens Carstens
... A30: P029 | B30: Luis Videgaray Caso

Sheet Validaciones
A1: Tipo | B1: Decision_ID | C1: Detalle | D1: Severidad
A2: Control de nombramientos no ejecutable | C2: La tabla proporcionada contiene Persona_ID y nombres, pero no fechas de inicio/fin de nombramiento. No se infirieron periodos. | D2: Limitación

Sheet Cobertura
A1: Radar BM · Cobertura del Libro Maestro
A3: Indicador | B3: Valor
A4: Primera decisión | B4: =MIN(Decisiones!B2:B237) -> 36543
A5: Última decisión | B5: 46240
A6: Total de decisiones | B6: 237
A7: Reuniones ordinarias | B7: 234
A8: Reuniones extraordinarias | B8: 3
A9: Decisiones unánimes | B9: 80
A10: Decisiones con disenso | B10: 33
A11: Resultado no disponible | B11: 124
A12: Votos públicos | B12: 339
A13: Votos parciales | B13: =COUNTIF(Votaciones!E2:E336,"Parcial") -> 0
A14: Votos anónimos | B14: =COUNTIF(Votaciones!E2:E336,"Anónimo") -> 1
A16: Fuentes oficiales y criterio
A17: https://www.banxico.org.mx/publicaciones-y-prensa/anuncios-de-las-decisiones-de-politica-monetaria/anuncios-politica-monetaria-t.html
A18: https://www.banxico.org.mx/publicaciones-y-prensa/minutas-de-las-decisiones-de-politica-monetaria/minutas-politica-monetaria-ta.html
A19: No se almacenan copias documentales; se conservan únicamente URL oficiales. Los vacíos históricos permanecen como No disponible.

Sheet Explorador_Decisiones
A1: Radar BM · Explorador analítico de decisiones | X1: Decision_ID interno | Y1: Reserva | Z1: Decision_ID lista | AA1: Fecha selector
A2: Fecha seleccionada | B2: 46289 | E2: ◀ Anterior | F2: =IFERROR(INDEX(Decisiones!$B$2:$B$239,MATCH($X$2,Decisiones!$A$2:$A$239,0)-1),"— inicio —") -> 46240 | I2: Siguiente ▶ | J2: =IFERROR(INDEX(Decisiones!$B$2:$B$239,MATCH($X$2,Decisiones!$A$2:$A$239,0)+1),"— final —") -> — final — | X2: =INDEX($Z$2:$Z$258,MATCH($B$2,$AA$2:$AA$258,0)) -> D20260924 | Z2: D20000118 | AA2: 36543
A3: Use el selector amarillo. Toda la interfaz muestra fechas; los identificadores técnicos se conservan únicamente como referencias internas. | Z3: D20000516 | AA3: 36662
Z4: D20000626 | AA4: 36703
Z5: D20000731 | AA5: 36738
Z6: D20001017 | AA6: 36816
Z7: D20001110 | AA7: 36840
Z8: D20010112 | AA8: 36903
Z9: D20010518 | AA9: 37029
Z10: D20010731 | AA10: 37103
Z11: D20020208 | AA11: 37295
Z12: D20020412 | AA12: 37358
Z13: D20020923 | AA13: 37522
Z14: D20021206 | AA14: 37596
Z15: D20030110 | AA15: 37631
... Z18: D20030221 | AA18: 37673
A19: Resumen de la decisión seleccionada | Z19: D20030328 | AA19: 37708
Z20: D20030425 | AA20: 37736
A21: Fecha seleccionada | B21: Decision_ID | C21: Decision_ID | D21: Decision_ID | E21: Fecha | F21: Fecha | G21: Fecha | H21: Fecha | I21: Tipo de reunión | J21: Tipo de reunión | K21: Tipo de reunión | L21: Tipo de reunión | Z21: D20030523 | AA21: 37764
A22: =INDEX(Decisiones!$B$2:$B$239,MATCH($X$2,Decisiones!$A$2:$A$239,0)) -> 46289 | E22: =IFERROR(INDEX(Decisiones!$B$2:$B$239,MATCH($X$2,Decisiones!$A$2:$A$239,0)),"") -> 46289 | I22: =IFERROR(INDEX(Decisiones!$D$2:$D$237,MATCH($X$2,Decisiones!$A$2:$A$239,0)),"") | Z22: D20030627 | AA22: 37799
A23: Tasa anterior | B23: Tasa anterior | C23: Tasa anterior | D23: Tasa anterior | E23: Movimiento (pb) | F23: Movimiento (pb) | G23: Movimiento (pb) | H23: Movimiento (pb) | I23: Nueva tasa | J23: Nueva tasa | K23: Nueva tasa | L23: Nueva tasa | Z23: D20030725 | AA23: 37827
A24: =IFERROR(INDEX(Decisiones!$F$2:$F$239,MATCH($X$2,Decisiones!$A$2:$A$239,0)),"") -> 6.5 | E24: =IFERROR(INDEX(Decisiones!$G$2:$G$239,MATCH($X$2,Decisiones!$A$2:$A$239,0)),"") -> 0 | I24: =IFERROR(INDEX(Decisiones!$H$2:$H$239,MATCH($X$2,Decisiones!$A$2:$A$239,0)),"") -> 6.5 | Z24: D20030822 | AA24: 37855
A25: Dirección | B25: Dirección | C25: Dirección | D25: Dirección | E25: ¿Fue unánime? | F25: ¿Fue unánime? | G25: ¿Fue unánime? | H25: ¿Fue unánime? | I25: Número de disensos | J25: Número de disensos | K25: Número de disensos | L25: Número de disensos | Z25: D20030926 | AA25: 37890
A26: =IFERROR(INDEX(Decisiones!$I$2:$I$239,MATCH($X$2,Decisiones!$A$2:$A$239,0)),"") -> Sin cambio | E26: =IFERROR(INDEX(Decisiones!$J$2:$J$239,MATCH($X$2,Decisiones!$A$2:$A$239,0)),"") -> Sí | I26: =IFERROR(INDEX(Decisiones!$K$2:$K$239,MATCH($X$2,Decisiones!$A$2:$A$239,0)),"") -> 0 | Z26: D20031024 | AA26: 37918
A27: Contexto histórico · cinco decisiones anteriores y cinco posteriores | Z27: D20031121 | AA27: 37946
A28: Fecha | B28: =INDEX(Decisiones!$B$2:$B$239,MAX(1,MIN(MATCH($X$2,Decisiones!$A$2:$A$239,0)-5,ROWS(Decisiones!$A$2:$A$239)-10))+0) -> 45834 | C28: =INDEX(Decisiones!$B$2:$B$239,MAX(1,MIN(MATCH($X$2,Decisiones!$A$2:$A$239,0)-5,ROWS(Decisiones!$A$2:$A$239)-10))+1) -> 45876 | D28: =INDEX(Decisiones!$B$2:$B$239,MAX(1,MIN(MATCH($X$2,Decisiones!$A$2:$A$239,0)-5,ROWS(Decisiones!$A$2:$A$239)-10))+2) -> 45925 | E28: =INDEX(Decisiones!$B$2:$B$239,MAX(1,MIN(MATCH($X$2,Decisiones!$A$2:$A$239,0)-5,ROWS(Decisiones!$A$2:$A$239)-10))+3) -> 45967 | F28: =INDEX(Decisiones!$B$2:$B$239,MAX(1,MIN(MATCH($X$2,Decisiones!$A$2:$A$239,0)-5,ROWS(Decisiones!$A$2:$A$239)-10))+4) -> 46009 | G28: =INDEX(Decisiones!$B$2:$B$239,MAX(1,MIN(MATCH($X$2,Decisiones!$A$2:$A$239,0)-5,ROWS(Decisiones!$A$2:$A$239)-10))+5) -> 46058 | H28: =INDEX(Decisiones!$B$2:$B$239,MAX(1,MIN(MATCH($X$2,Decisiones!$A$2:$A$239,0)-5,ROWS(Decisiones!$A$2:$A$239)-10))+6) -> 46107 | I28: =INDEX(Decisiones!$B$2:$B$239,MAX(1,MIN(MATCH($X$2,Decisiones!$A$2:$A$239,0)-5,ROWS(Decisiones!$A$2:$A$239)-10))+7) -> 46149 | J28: =INDEX(Decisiones!$B$2:$B$239,MAX(1,MIN(MATCH($X$2,Decisiones!$A$2:$A$239,0)-5,ROWS(Decisiones!$A$2:$A$239)-10))+8) -> 46198 | K28: =INDEX(Decisiones!$B$2:$B$239,MAX(1,MIN(MATCH($X$2,Decisiones!$A$2:$A$239,0)-5,ROWS(Decisiones!$A$2:$A$239)-10))+9) -> 46240 | L28: =INDEX(Decisiones!$B$2:$B$239,MAX(1,MIN(MATCH($X$2,Decisiones!$A$2:$A$239,0)-5,ROWS(Decisiones!$A$2:$A$239)-10))+10) -> 46289 | Z28: D20031211 | AA28: 37966
A29: Tasa | B29: =INDEX(Decisiones!$H$2:$H$239,MAX(1,MIN(MATCH($X$2,Decisiones!$A$2:$A$239,0)-5,ROWS(Decisiones!$A$2:$A$239)-10))+0) -> 8 | C29: =INDEX(Decisiones!$H$2:$H$239,MAX(1,MIN(MATCH($X$2,Decisiones!$A$2:$A$239,0)-5,ROWS(Decisiones!$A$2:$A$239)-10))+1) -> 7.75 | D29: =INDEX(Decisiones!$H$2:$H$239,MAX(1,MIN(MATCH($X$2,Decisiones!$A$2:$A$239,0)-5,ROWS(Decisiones!$A$2:$A$239)-10))+2) -> 7.5 | E29: =INDEX(Decisiones!$H$2:$H$239,MAX(1,MIN(MATCH($X$2,Decisiones!$A$2:$A$239,0)-5,ROWS(Decisiones!$A$2:$A$239)-10))+3) -> 7.25 | F29: =INDEX(Decisiones!$H$2:$H$239,MAX(1,MIN(MATCH($X$2,Decisiones!$A$2:$A$239,0)-5,ROWS(Decisiones!$A$2:$A$239)-10))+4) -> 7 | G29: =INDEX(Decisiones!$H$2:$H$239,MAX(1,MIN(MATCH($X$2,Decisiones!$A$2:$A$239,0)-5,ROWS(Decisiones!$A$2:$A$239)-10))+5) -> 7 | H29: =INDEX(Decisiones!$H$2:$H$239,MAX(1,MIN(MATCH($X$2,Decisiones!$A$2:$A$239,0)-5,ROWS(Decisiones!$A$2:$A$239)-10))+6) -> 6.75 | I29: =INDEX(Decisiones!$H$2:$H$239,MAX(1,MIN(MATCH($X$2,Decisiones!$A$2:$A$239,0)-5,ROWS(Decisiones!$A$2:$A$239)-10))+7) -> 6.5 | J29: =INDEX(Decisiones!$H$2:$H$239,MAX(1,MIN(MATCH($X$2,Decisiones!$A$2:$A$239,0)-5,ROWS(Decisiones!$A$2:$A$239)-10))+8) -> 6.5 | K29: =INDEX(Decisiones!$H$2:$H$239,MAX(1,MIN(MATCH($X$2,Decisiones!$A$2:$A$239,0)-5,ROWS(Decisiones!$A$2:$A$239)-10))+9) -> 6.5 | L29: =INDEX(Decisiones!$H$2:$H$239,MAX(1,MIN(MATCH($X$2,Decisiones!$A$2:$A$239,0)-5,ROWS(Decisiones!$A$2:$A$239)-10))+10) -> 6.5 | Z29: D20040123 | AA29: 38009
A30: Movimiento | B30: =IF(INDEX(Decisiones!$I$2:$I$239,MAX(1,MIN(MATCH($X$2,Decisiones!$A$2:$A$239,0)-5,ROWS(Decisiones!$A$2:$A$239)-10))+0)="Sube","↑",IF(INDEX(Decisiones!$I$2:$I$239,MAX(1,MIN(MATCH($X$2,Decisiones!$A$2:$A$239,0)-5,ROWS(Decisiones!$A$2:$A$239)-10))+0)="Baja","↓","=")) -> ↓ | C30: =IF(INDEX(Decisiones!$I$2:$I$239,MAX(1,MIN(MATCH($X$2,Decisiones!$A$2:$A$239,0)-5,ROWS(Decisiones!$A$2:$A$239)-10))+1)="Sube","↑",IF(INDEX(Decisiones!$I$2:$I$239,MAX(1,MIN(MATCH($X$2,Decisiones!$A$2:$A$239,0)-5,ROWS(Decisiones!$A$2:$A$239)-10))+1)="Baja","↓","=")) -> ↓ | D30: =IF(INDEX(Decisiones!$I$2:$I$239,MAX(1,MIN(MATCH($X$2,Decisiones!$A$2:$A$239,0)-5,ROWS(Decisiones!$A$2:$A$239)-10))+2)="Sube","↑",IF(INDEX(Decisiones!$I$2:$I$239,MAX(1,MIN(MATCH($X$2,Decisiones!$A$2:$A$239,0)-5,ROWS(Decisiones!$A$2:$A$239)-10))+2)="Baja","↓","=")) -> ↓ | E30: =IF(INDEX(Decisiones!$I$2:$I$239,MAX(1,MIN(MATCH($X$2,Decisiones!$A$2:$A$239,0)-5,ROWS(Decisiones!$A$2:$A$239)-10))+3)="Sube","↑",IF(INDEX(Decisiones!$I$2:$I$239,MAX(1,MIN(MATCH($X$2,Decisiones!$A$2:$A$239,0)-5,ROWS(Decisiones!$A$2:$A$239)-10))+3)="Baja","↓","=")) -> ↓ | F30: =IF(INDEX(Decisiones!$I$2:$I$239,MAX(1,MIN(MATCH($X$2,Decisiones!$A$2:$A$239,0)-5,ROWS(Decisiones!$A$2:$A$239)-10))+4)="Sube","↑",IF(INDEX(Decisiones!$I$2:$I$239,MAX(1,MIN(MATCH($X$2,Decisiones!$A$2:$A$239,0)-5,ROWS(Decisiones!$A$2:$A$239)-10))+4)="Baja","↓","=")) -> ↓ | G30: =IF(INDEX(Decisiones!$I$2:$I$239,MAX(1,MIN(MATCH($X$2,Decisiones!$A$2:$A$239,0)-5,ROWS(Decisiones!$A$2:$A$239)-10))+5)="Sube","↑",IF(INDEX(Decisiones!$I$2:$I$239,MAX(1,MIN(MATCH($X$2,Decisiones!$A$2:$A$239,0)-5,ROWS(Decisiones!$A$2:$A$239)-10))+5)="Baja","↓","=")) -> = | H30: =IF(INDEX(Decisiones!$I$2:$I$239,MAX(1,MIN(MATCH($X$2,Decisiones!$A$2:$A$239,0)-5,ROWS(Decisiones!$A$2:$A$239)-10))+6)="Sube","↑",IF(INDEX(Decisiones!$I$2:$I$239,MAX(1,MIN(MATCH($X$2,Decisiones!$A$2:$A$239,0)-5,ROWS(Decisiones!$A$2:$A$239)-10))+6)="Baja","↓","=")) -> ↓ | I30: =IF(INDEX(Decisiones!$I$2:$I$239,MAX(1,MIN(MATCH($X$2,Decisiones!$A$2:$A$239,0)-5,ROWS(Decisiones!$A$2:$A$239)-10))+7)="Sube","↑",IF(INDEX(Decisiones!$I$2:$I$239,MAX(1,MIN(MATCH($X$2,Decisiones!$A$2:$A$239,0)-5,ROWS(Decisiones!$A$2:$A$239)-10))+7)="Baja","↓","=")) -> ↓ | J30: =IF(INDEX(Decisiones!$I$2:$I$239,MAX(1,MIN(MATCH($X$2,Decisiones!$A$2:$A$239,0)-5,ROWS(Decisiones!$A$2:$A$239)-10))+8)="Sube","↑",IF(INDEX(Decisiones!$I$2:$I$239,MAX(1,MIN(MATCH($X$2,Decisiones!$A$2:$A$239,0)-5,ROWS(Decisiones!$A$2:$A$239)-10))+8)="Baja","↓","=")) -> = | K30: =IF(INDEX(Decisiones!$I$2:$I$239,MAX(1,MIN(MATCH($X$2,Decisiones!$A$2:$A$239,0)-5,ROWS(Decisiones!$A$2:$A$239)-10))+9)="Sube","↑",IF(INDEX(Decisiones!$I$2:$I$239,MAX(1,MIN(MATCH($X$2,Decisiones!$A$2:$A$239,0)-5,ROWS(Decisiones!$A$2:$A$239)-10))+9)="Baja","↓","=")) -> = | L30: =IF(INDEX(Decisiones!$I$2:$I$239,MAX(1,MIN(MATCH($X$2,Decisiones!$A$2:$A$239,0)-5,ROWS(Decisiones!$A$2:$A$239)-10))+10)="Sube","↑",IF(INDEX(Decisiones!$I$2:$I$239,MAX(1,MIN(MATCH($X$2,Decisiones!$A$2:$A$239,0)-5,ROWS(Decisiones!$A$2:$A$239)-10))+10)="Baja","↓","=")) -> = | Z30: D20040220 | AA30: 38037
A31: Decision_ID | B31: =INDEX(Decisiones!$A$2:$A$239,MAX(1,MIN(MATCH($X$2,Decisiones!$A$2:$A$239,0)-5,ROWS(Decisiones!$A$2:$A$239)-10))+0) -> D20250626 | C31: =INDEX(Decisiones!$A$2:$A$239,MAX(1,MIN(MATCH($X$2,Decisiones!$A$2:$A$239,0)-5,ROWS(Decisiones!$A$2:$A$239)-10))+1) -> D20250807 | D31: =INDEX(Decisiones!$A$2:$A$239,MAX(1,MIN(MATCH($X$2,Decisiones!$A$2:$A$239,0)-5,ROWS(Decisiones!$A$2:$A$239)-10))+2) -> D20250925 | E31: =INDEX(Decisiones!$A$2:$A$239,MAX(1,MIN(MATCH($X$2,Decisiones!$A$2:$A$239,0)-5,ROWS(Decisiones!$A$2:$A$239)-10))+3) -> D20251106 | F31: =INDEX(Decisiones!$A$2:$A$239,MAX(1,MIN(MATCH($X$2,Decisiones!$A$2:$A$239,0)-5,ROWS(Decisiones!$A$2:$A$239)-10))+4) -> D20251218 | G31: =INDEX(Decisiones!$A$2:$A$239,MAX(1,MIN(MATCH($X$2,Decisiones!$A$2:$A$239,0)-5,ROWS(Decisiones!$A$2:$A$239)-10))+5) -> D20260205 | H31: =INDEX(Decisiones!$A$2:$A$239,MAX(1,MIN(MATCH($X$2,Decisiones!$A$2:$A$239,0)-5,ROWS(Decisiones!$A$2:$A$239)-10))+6) -> D20260326 | I31: =INDEX(Decisiones!$A$2:$A$239,MAX(1,MIN(MATCH($X$2,Decisiones!$A$2:$A$239,0)-5,ROWS(Decisiones!$A$2:$A$239)-10))+7) -> D20260507 | J31: =INDEX(Decisiones!$A$2:$A$239,MAX(1,MIN(MATCH($X$2,Decisiones!$A$2:$A$239,0)-5,ROWS(Decisiones!$A$2:$A$239)-10))+8) -> D20260625 | K31: =INDEX(Decisiones!$A$2:$A$239,MAX(1,MIN(MATCH($X$2,Decisiones!$A$2:$A$239,0)-5,ROWS(Decisiones!$A$2:$A$239)-10))+9) -> D20260806 | L31: =INDEX(Decisiones!$A$2:$A$239,MAX(1,MIN(MATCH($X$2,Decisiones!$A$2:$A$239,0)-5,ROWS(Decisiones!$A$2:$A$239)-10))+10) -> D20260924 | Z31: D20040312 | AA31: 38058
Z32: D20040326 | AA32: 38072
A33: Integrante | B33: =TEXT(B28,"dd-mmm") -> 26-Jun | C33: =TEXT(C28,"dd-mmm") -> 07-Aug | D33: =TEXT(D28,"dd-mmm") -> 25-Sep | E33: =TEXT(E28,"dd-mmm") -> 06-Nov | F33: =TEXT(F28,"dd-mmm") -> 18-Dec | G33: =TEXT(G28,"dd-mmm") -> 05-Feb | H33: =TEXT(H28,"dd-mmm") -> 26-Mar | I33: =TEXT(I28,"dd-mmm") -> 07-May | ... L33: =TEXT(L28,"dd-mmm") -> 24-Sep | Z33: D20040423 | AA33: 38100
Z34: D20040427 | AA34: 38104
A35: =IF($M35="","",IFERROR(INDEX(Personas!$B$2:$B$30,MATCH($M35,Personas!$A$2:$A$30,0)),"?")) | B35: =IF($A35="","",IF(B$31="","",IF(COUNTIFS(Votaciones!$A$2:$A$346,B$31,Votaciones!$B$2:$B$346,$M35)>0,IF(COUNTIFS(Votaciones!$A$2:$A$346,B$31,Votaciones!$B$2:$B$346,$M35,Votaciones!$D$2:$D$346,"Consenso")>0,"●",IF(COUNTIFS(Votaciones!$A$2:$A$346,B$31,Votaciones!$B$2:$B$346,$M35,Votaciones!$D$2:$D$346,"Disenso restrictivo")>0,"▲",IF(COUNTIFS(Votaciones!$A$2:$A$346,B$31,Votaciones!$B$2:$B$346,$M35,Votaciones!$D$2:$D$346,"Disenso acomodaticio")>0,"▼","?"))),IF(COUNTIFS(Participacion_Junta!$A$2:$A$346,B$31,Participacion_Junta!$B$2:$B$346,$M35)>0,"○","?")))) | C35: =IF($A35="","",IF(C$31="","",IF(COUNTIFS(Votaciones!$A$2:$A$346,C$31,Votaciones!$B$2:$B$346,$M35)>0,IF(COUNTIFS(Votaciones!$A$2:$A$346,C$31,Votaciones!$B$2:$B$346,$M35,Votaciones!$D$2:$D$346,"Consenso")>0,"●",IF(COUNTIFS(Votaciones!$A$2:$A$346,C$31,Votaciones!$B$2:$B$346,$M35,Votaciones!$D$2:$D$346,"Disenso restrictivo")>0,"▲",IF(COUNTIFS(Votaciones!$A$2:$A$346,C$31,Votaciones!$B$2:$B$346,$M35,Votaciones!$D$2:$D$346,"Disenso acomodaticio")>0,"▼","?"))),IF(COUNTIFS(Participacion_Junta!$A$2:$A$346,C$31,Participacion_Junta!$B$2:$B$346,$M35)>0,"○","?")))) | D35: =IF($A35="","",IF(D$31="","",IF(COUNTIFS(Votaciones!$A$2:$A$346,D$31,Votaciones!$B$2:$B$346,$M35)>0,IF(COUNTIFS(Votaciones!$A$2:$A$346,D$31,Votaciones!$B$2:$B$346,$M35,Votaciones!$D$2:$D$346,"Consenso")>0,"●",IF(COUNTIFS(Votaciones!$A$2:$A$346,D$31,Votaciones!$B$2:$B$346,$M35,Votaciones!$D$2:$D$346,"Disenso restrictivo")>0,"▲",IF(COUNTIFS(Votaciones!$A$2:$A$346,D$31,Votaciones!$B$2:$B$346,$M35,Votaciones!$D$2:$D$346,"Disenso acomodaticio")>0,"▼","?"))),IF(COUNTIFS(Participacion_Junta!$A$2:$A$346,D$31,Participacion_Junta!$B$2:$B$346,$M35)>0,"○","?")))) | E35: =IF($A35="","",IF(E$31="","",IF(COUNTIFS(Votaciones!$A$2:$A$346,E$31,Votaciones!$B$2:$B$346,$M35)>0,IF(COUNTIFS(Votaciones!$A$2:$A$346,E$31,Votaciones!$B$2:$B$346,$M35,Votaciones!$D$2:$D$346,"Consenso")>0,"●",IF(COUNTIFS(Votaciones!$A$2:$A$346,E$31,Votaciones!$B$2:$B$346,$M35,Votaciones!$D$2:$D$346,"Disenso restrictivo")>0,"▲",IF(COUNTIFS(Votaciones!$A$2:$A$346,E$31,Votaciones!$B$2:$B$346,$M35,Votaciones!$D$2:$D$346,"Disenso acomodaticio")>0,"▼","?"))),IF(COUNTIFS(Participacion_Junta!$A$2:$A$346,E$31,Participacion_Junta!$B$2:$B$346,$M35)>0,"○","?")))) | F35: =IF($A35="","",IF(F$31="","",IF(COUNTIFS(Votaciones!$A$2:$A$346,F$31,Votaciones!$B$2:$B$346,$M35)>0,IF(COUNTIFS(Votaciones!$A$2:$A$346,F$31,Votaciones!$B$2:$B$346,$M35,Votaciones!$D$2:$D$346,"Consenso")>0,"●",IF(COUNTIFS(Votaciones!$A$2:$A$346,F$31,Votaciones!$B$2:$B$346,$M35,Votaciones!$D$2:$D$346,"Disenso restrictivo")>0,"▲",IF(COUNTIFS(Votaciones!$A$2:$A$346,F$31,Votaciones!$B$2:$B$346,$M35,Votaciones!$D$2:$D$346,"Disenso acomodaticio")>0,"▼","?"))),IF(COUNTIFS(Participacion_Junta!$A$2:$A$346,F$31,Participacion_Junta!$B$2:$B$346,$M35)>0,"○","?")))) | G35: =IF($A35="","",IF(G$31="","",IF(COUNTIFS(Votaciones!$A$2:$A$346,G$31,Votaciones!$B$2:$B$346,$M35)>0,IF(COUNTIFS(Votaciones!$A$2:$A$346,G$31,Votaciones!$B$2:$B$346,$M35,Votaciones!$D$2:$D$346,"Consenso")>0,"●",IF(COUNTIFS(Votaciones!$A$2:$A$346,G$31,Votaciones!$B$2:$B$346,$M35,Votaciones!$D$2:$D$346,"Disenso restrictivo")>0,"▲",IF(COUNTIFS(Votaciones!$A$2:$A$346,G$31,Votaciones!$B$2:$B$346,$M35,Votaciones!$D$2:$D$346,"Disenso acomodaticio")>0,"▼","?"))),IF(COUNTIFS(Participacion_Junta!$A$2:$A$346,G$31,Participacion_Junta!$B$2:$B$346,$M35)>0,"○","?")))) | H35: =IF($A35="","",IF(H$31="","",IF(COUNTIFS(Votaciones!$A$2:$A$346,H$31,Votaciones!$B$2:$B$346,$M35)>0,IF(COUNTIFS(Votaciones!$A$2:$A$346,H$31,Votaciones!$B$2:$B$346,$M35,Votaciones!$D$2:$D$346,"Consenso")>0,"●",IF(COUNTIFS(Votaciones!$A$2:$A$346,H$31,Votaciones!$B$2:$B$346,$M35,Votaciones!$D$2:$D$346,"Disenso restrictivo")>0,"▲",IF(COUNTIFS(Votaciones!$A$2:$A$346,H$31,Votaciones!$B$2:$B$346,$M35,Votaciones!$D$2:$D$346,"Disenso acomodaticio")>0,"▼","?"))),IF(COUNTIFS(Participacion_Junta!$A$2:$A$346,H$31,Participacion_Junta!$B$2:$B$346,$M35)>0,"○","?")))) | I35: =IF($A35="","",IF(I$31="","",IF(COUNTIFS(Votaciones!$A$2:$A$346,I$31,Votaciones!$B$2:$B$346,$M35)>0,IF(COUNTIFS(Votaciones!$A$2:$A$346,I$31,Votaciones!$B$2:$B$346,$M35,Votaciones!$D$2:$D$346,"Consenso")>0,"●",IF(COUNTIFS(Votaciones!$A$2:$A$346,I$31,Votaciones!$B$2:$B$346,$M35,Votaciones!$D$2:$D$346,"Disenso restrictivo")>0,"▲",IF(COUNTIFS(Votaciones!$A$2:$A$346,I$31,Votaciones!$B$2:$B$346,$M35,Votaciones!$D$2:$D$346,"Disenso acomodaticio")>0,"▼","?"))),IF(COUNTIFS(Participacion_Junta!$A$2:$A$346,I$31,Participacion_Junta!$B$2:$B$346,$M35)>0,"○","?")))) | ... L35: =IF($A35="","",IF(L$31="","",IF(COUNTIFS(Votaciones!$A$2:$A$346,L$31,Votaciones!$B$2:$B$346,$M35)>0,IF(COUNTIFS(Votaciones!$A$2:$A$346,L$31,Votaciones!$B$2:$B$346,$M35,Votaciones!$D$2:$D$346,"Consenso")>0,"●",IF(COUNTIFS(Votaciones!$A$2:$A$346,L$31,Votaciones!$B$2:$B$346,$M35,Votaciones!$D$2:$D$346,"Disenso restrictivo")>0,"▲",IF(COUNTIFS(Votaciones!$A$2:$A$346,L$31,Votaciones!$B$2:$B$346,$M35,Votaciones!$D$2:$D$346,"Disenso acomodaticio")>0,"▼","?"))),IF(COUNTIFS(Participacion_Junta!$A$2:$A$346,L$31,Participacion_Junta!$B$2:$B$346,$M35)>0,"○","?")))) | M35: =IFERROR(INDEX($B$351:$B$586,MATCH($X$2,$A$351:$A$586,0)),"") | Z35: D20040528 | AA35: 38135
A36: =IF($M36="","",IFERROR(INDEX(Personas!$B$2:$B$30,MATCH($M36,Personas!$A$2:$A$30,0)),"?")) | B36: =IF($A36="","",IF(B$31="","",IF(COUNTIFS(Votaciones!$A$2:$A$346,B$31,Votaciones!$B$2:$B$346,$M36)>0,IF(COUNTIFS(Votaciones!$A$2:$A$346,B$31,Votaciones!$B$2:$B$346,$M36,Votaciones!$D$2:$D$346,"Consenso")>0,"●",IF(COUNTIFS(Votaciones!$A$2:$A$346,B$31,Votaciones!$B$2:$B$346,$M36,Votaciones!$D$2:$D$346,"Disenso restrictivo")>0,"▲",IF(COUNTIFS(Votaciones!$A$2:$A$346,B$31,Votaciones!$B$2:$B$346,$M36,Votaciones!$D$2:$D$346,"Disenso acomodaticio")>0,"▼","?"))),IF(COUNTIFS(Participacion_Junta!$A$2:$A$346,B$31,Participacion_Junta!$B$2:$B$346,$M36)>0,"○","?")))) | C36: =IF($A36="","",IF(C$31="","",IF(COUNTIFS(Votaciones!$A$2:$A$346,C$31,Votaciones!$B$2:$B$346,$M36)>0,IF(COUNTIFS(Votaciones!$A$2:$A$346,C$31,Votaciones!$B$2:$B$346,$M36,Votaciones!$D$2:$D$346,"Consenso")>0,"●",IF(COUNTIFS(Votaciones!$A$2:$A$346,C$31,Votaciones!$B$2:$B$346,$M36,Votaciones!$D$2:$D$346,"Disenso restrictivo")>0,"▲",IF(COUNTIFS(Votaciones!$A$2:$A$346,C$31,Votaciones!$B$2:$B$346,$M36,Votaciones!$D$2:$D$346,"Disenso acomodaticio")>0,"▼","?"))),IF(COUNTIFS(Participacion_Junta!$A$2:$A$346,C$31,Participacion_Junta!$B$2:$B$346,$M36)>0,"○","?")))) | D36: =IF($A36="","",IF(D$31="","",IF(COUNTIFS(Votaciones!$A$2:$A$346,D$31,Votaciones!$B$2:$B$346,$M36)>0,IF(COUNTIFS(Votaciones!$A$2:$A$346,D$31,Votaciones!$B$2:$B$346,$M36,Votaciones!$D$2:$D$346,"Consenso")>0,"●",IF(COUNTIFS(Votaciones!$A$2:$A$346,D$31,Votaciones!$B$2:$B$346,$M36,Votaciones!$D$2:$D$346,"Disenso restrictivo")>0,"▲",IF(COUNTIFS(Votaciones!$A$2:$A$346,D$31,Votaciones!$B$2:$B$346,$M36,Votaciones!$D$2:$D$346,"Disenso acomodaticio")>0,"▼","?"))),IF(COUNTIFS(Participacion_Junta!$A$2:$A$346,D$31,Participacion_Junta!$B$2:$B$346,$M36)>0,"○","?")))) | E36: =IF($A36="","",IF(E$31="","",IF(COUNTIFS(Votaciones!$A$2:$A$346,E$31,Votaciones!$B$2:$B$346,$M36)>0,IF(COUNTIFS(Votaciones!$A$2:$A$346,E$31,Votaciones!$B$2:$B$346,$M36,Votaciones!$D$2:$D$346,"Consenso")>0,"●",IF(COUNTIFS(Votaciones!$A$2:$A$346,E$31,Votaciones!$B$2:$B$346,$M36,Votaciones!$D$2:$D$346,"Disenso restrictivo")>0,"▲",IF(COUNTIFS(Votaciones!$A$2:$A$346,E$31,Votaciones!$B$2:$B$346,$M36,Votaciones!$D$2:$D$346,"Disenso acomodaticio")>0,"▼","?"))),IF(COUNTIFS(Participacion_Junta!$A$2:$A$346,E$31,Participacion_Junta!$B$2:$B$346,$M36)>0,"○","?")))) | F36: =IF($A36="","",IF(F$31="","",IF(COUNTIFS(Votaciones!$A$2:$A$346,F$31,Votaciones!$B$2:$B$346,$M36)>0,IF(COUNTIFS(Votaciones!$A$2:$A$346,F$31,Votaciones!$B$2:$B$346,$M36,Votaciones!$D$2:$D$346,"Consenso")>0,"●",IF(COUNTIFS(Votaciones!$A$2:$A$346,F$31,Votaciones!$B$2:$B$346,$M36,Votaciones!$D$2:$D$346,"Disenso restrictivo")>0,"▲",IF(COUNTIFS(Votaciones!$A$2:$A$346,F$31,Votaciones!$B$2:$B$346,$M36,Votaciones!$D$2:$D$346,"Disenso acomodaticio")>0,"▼","?"))),IF(COUNTIFS(Participacion_Junta!$A$2:$A$346,F$31,Participacion_Junta!$B$2:$B$346,$M36)>0,"○","?")))) | G36: =IF($A36="","",IF(G$31="","",IF(COUNTIFS(Votaciones!$A$2:$A$346,G$31,Votaciones!$B$2:$B$346,$M36)>0,IF(COUNTIFS(Votaciones!$A$2:$A$346,G$31,Votaciones!$B$2:$B$346,$M36,Votaciones!$D$2:$D$346,"Consenso")>0,"●",IF(COUNTIFS(Votaciones!$A$2:$A$346,G$31,Votaciones!$B$2:$B$346,$M36,Votaciones!$D$2:$D$346,"Disenso restrictivo")>0,"▲",IF(COUNTIFS(Votaciones!$A$2:$A$346,G$31,Votaciones!$B$2:$B$346,$M36,Votaciones!$D$2:$D$346,"Disenso acomodaticio")>0,"▼","?"))),IF(COUNTIFS(Participacion_Junta!$A$2:$A$346,G$31,Participacion_Junta!$B$2:$B$346,$M36)>0,"○","?")))) | H36: =IF($A36="","",IF(H$31="","",IF(COUNTIFS(Votaciones!$A$2:$A$346,H$31,Votaciones!$B$2:$B$346,$M36)>0,IF(COUNTIFS(Votaciones!$A$2:$A$346,H$31,Votaciones!$B$2:$B$346,$M36,Votaciones!$D$2:$D$346,"Consenso")>0,"●",IF(COUNTIFS(Votaciones!$A$2:$A$346,H$31,Votaciones!$B$2:$B$346,$M36,Votaciones!$D$2:$D$346,"Disenso restrictivo")>0,"▲",IF(COUNTIFS(Votaciones!$A$2:$A$346,H$31,Votaciones!$B$2:$B$346,$M36,Votaciones!$D$2:$D$346,"Disenso acomodaticio")>0,"▼","?"))),IF(COUNTIFS(Participacion_Junta!$A$2:$A$346,H$31,Participacion_Junta!$B$2:$B$346,$M36)>0,"○","?")))) | I36: =IF($A36="","",IF(I$31="","",IF(COUNTIFS(Votaciones!$A$2:$A$346,I$31,Votaciones!$B$2:$B$346,$M36)>0,IF(COUNTIFS(Votaciones!$A$2:$A$346,I$31,Votaciones!$B$2:$B$346,$M36,Votaciones!$D$2:$D$346,"Consenso")>0,"●",IF(COUNTIFS(Votaciones!$A$2:$A$346,I$31,Votaciones!$B$2:$B$346,$M36,Votaciones!$D$2:$D$346,"Disenso restrictivo")>0,"▲",IF(COUNTIFS(Votaciones!$A$2:$A$346,I$31,Votaciones!$B$2:$B$346,$M36,Votaciones!$D$2:$D$346,"Disenso acomodaticio")>0,"▼","?"))),IF(COUNTIFS(Participacion_Junta!$A$2:$A$346,I$31,Participacion_Junta!$B$2:$B$346,$M36)>0,"○","?")))) | ... L36: =IF($A36="","",IF(L$31="","",IF(COUNTIFS(Votaciones!$A$2:$A$346,L$31,Votaciones!$B$2:$B$346,$M36)>0,IF(COUNTIFS(Votaciones!$A$2:$A$346,L$31,Votaciones!$B$2:$B$346,$M36,Votaciones!$D$2:$D$346,"Consenso")>0,"●",IF(COUNTIFS(Votaciones!$A$2:$A$346,L$31,Votaciones!$B$2:$B$346,$M36,Votaciones!$D$2:$D$346,"Disenso restrictivo")>0,"▲",IF(COUNTIFS(Votaciones!$A$2:$A$346,L$31,Votaciones!$B$2:$B$346,$M36,Votaciones!$D$2:$D$346,"Disenso acomodaticio")>0,"▼","?"))),IF(COUNTIFS(Participacion_Junta!$A$2:$A$346,L$31,Participacion_Junta!$B$2:$B$346,$M36)>0,"○","?")))) | M36: =IFERROR(INDEX($C$351:$C$586,MATCH($X$2,$A$351:$A$586,0)),"") | Z36: D20040625 | AA36: 38163
A37: =IF($M37="","",IFERROR(INDEX(Personas!$B$2:$B$30,MATCH($M37,Personas!$A$2:$A$30,0)),"?")) | B37: =IF($A37="","",IF(B$31="","",IF(COUNTIFS(Votaciones!$A$2:$A$346,B$31,Votaciones!$B$2:$B$346,$M37)>0,IF(COUNTIFS(Votaciones!$A$2:$A$346,B$31,Votaciones!$B$2:$B$346,$M37,Votaciones!$D$2:$D$346,"Consenso")>0,"●",IF(COUNTIFS(Votaciones!$A$2:$A$346,B$31,Votaciones!$B$2:$B$346,$M37,Votaciones!$D$2:$D$346,"Disenso restrictivo")>0,"▲",IF(COUNTIFS(Votaciones!$A$2:$A$346,B$31,Votaciones!$B$2:$B$346,$M37,Votaciones!$D$2:$D$346,"Disenso acomodaticio")>0,"▼","?"))),IF(COUNTIFS(Participacion_Junta!$A$2:$A$346,B$31,Participacion_Junta!$B$2:$B$346,$M37)>0,"○","?")))) | C37: =IF($A37="","",IF(C$31="","",IF(COUNTIFS(Votaciones!$A$2:$A$346,C$31,Votaciones!$B$2:$B$346,$M37)>0,IF(COUNTIFS(Votaciones!$A$2:$A$346,C$31,Votaciones!$B$2:$B$346,$M37,Votaciones!$D$2:$D$346,"Consenso")>0,"●",IF(COUNTIFS(Votaciones!$A$2:$A$346,C$31,Votaciones!$B$2:$B$346,$M37,Votaciones!$D$2:$D$346,"Disenso restrictivo")>0,"▲",IF(COUNTIFS(Votaciones!$A$2:$A$346,C$31,Votaciones!$B$2:$B$346,$M37,Votaciones!$D$2:$D$346,"Disenso acomodaticio")>0,"▼","?"))),IF(COUNTIFS(Participacion_Junta!$A$2:$A$346,C$31,Participacion_Junta!$B$2:$B$346,$M37)>0,"○","?")))) | D37: =IF($A37="","",IF(D$31="","",IF(COUNTIFS(Votaciones!$A$2:$A$346,D$31,Votaciones!$B$2:$B$346,$M37)>0,IF(COUNTIFS(Votaciones!$A$2:$A$346,D$31,Votaciones!$B$2:$B$346,$M37,Votaciones!$D$2:$D$346,"Consenso")>0,"●",IF(COUNTIFS(Votaciones!$A$2:$A$346,D$31,Votaciones!$B$2:$B$346,$M37,Votaciones!$D$2:$D$346,"Disenso restrictivo")>0,"▲",IF(COUNTIFS(Votaciones!$A$2:$A$346,D$31,Votaciones!$B$2:$B$346,$M37,Votaciones!$D$2:$D$346,"Disenso acomodaticio")>0,"▼","?"))),IF(COUNTIFS(Participacion_Junta!$A$2:$A$346,D$31,Participacion_Junta!$B$2:$B$346,$M37)>0,"○","?")))) | E37: =IF($A37="","",IF(E$31="","",IF(COUNTIFS(Votaciones!$A$2:$A$346,E$31,Votaciones!$B$2:$B$346,$M37)>0,IF(COUNTIFS(Votaciones!$A$2:$A$346,E$31,Votaciones!$B$2:$B$346,$M37,Votaciones!$D$2:$D$346,"Consenso")>0,"●",IF(COUNTIFS(Votaciones!$A$2:$A$346,E$31,Votaciones!$B$2:$B$346,$M37,Votaciones!$D$2:$D$346,"Disenso restrictivo")>0,"▲",IF(COUNTIFS(Votaciones!$A$2:$A$346,E$31,Votaciones!$B$2:$B$346,$M37,Votaciones!$D$2:$D$346,"Disenso acomodaticio")>0,"▼","?"))),IF(COUNTIFS(Participacion_Junta!$A$2:$A$346,E$31,Participacion_Junta!$B$2:$B$346,$M37)>0,"○","?")))) | F37: =IF($A37="","",IF(F$31="","",IF(COUNTIFS(Votaciones!$A$2:$A$346,F$31,Votaciones!$B$2:$B$346,$M37)>0,IF(COUNTIFS(Votaciones!$A$2:$A$346,F$31,Votaciones!$B$2:$B$346,$M37,Votaciones!$D$2:$D$346,"Consenso")>0,"●",IF(COUNTIFS(Votaciones!$A$2:$A$346,F$31,Votaciones!$B$2:$B$346,$M37,Votaciones!$D$2:$D$346,"Disenso restrictivo")>0,"▲",IF(COUNTIFS(Votaciones!$A$2:$A$346,F$31,Votaciones!$B$2:$B$346,$M37,Votaciones!$D$2:$D$346,"Disenso acomodaticio")>0,"▼","?"))),IF(COUNTIFS(Participacion_Junta!$A$2:$A$346,F$31,Participacion_Junta!$B$2:$B$346,$M37)>0,"○","?")))) | G37: =IF($A37="","",IF(G$31="","",IF(COUNTIFS(Votaciones!$A$2:$A$346,G$31,Votaciones!$B$2:$B$346,$M37)>0,IF(COUNTIFS(Votaciones!$A$2:$A$346,G$31,Votaciones!$B$2:$B$346,$M37,Votaciones!$D$2:$D$346,"Consenso")>0,"●",IF(COUNTIFS(Votaciones!$A$2:$A$346,G$31,Votaciones!$B$2:$B$346,$M37,Votaciones!$D$2:$D$346,"Disenso restrictivo")>0,"▲",IF(COUNTIFS(Votaciones!$A$2:$A$346,G$31,Votaciones!$B$2:$B$346,$M37,Votaciones!$D$2:$D$346,"Disenso acomodaticio")>0,"▼","?"))),IF(COUNTIFS(Participacion_Junta!$A$2:$A$346,G$31,Participacion_Junta!$B$2:$B$346,$M37)>0,"○","?")))) | H37: =IF($A37="","",IF(H$31="","",IF(COUNTIFS(Votaciones!$A$2:$A$346,H$31,Votaciones!$B$2:$B$346,$M37)>0,IF(COUNTIFS(Votaciones!$A$2:$A$346,H$31,Votaciones!$B$2:$B$346,$M37,Votaciones!$D$2:$D$346,"Consenso")>0,"●",IF(COUNTIFS(Votaciones!$A$2:$A$346,H$31,Votaciones!$B$2:$B$346,$M37,Votaciones!$D$2:$D$346,"Disenso restrictivo")>0,"▲",IF(COUNTIFS(Votaciones!$A$2:$A$346,H$31,Votaciones!$B$2:$B$346,$M37,Votaciones!$D$2:$D$346,"Disenso acomodaticio")>0,"▼","?"))),IF(COUNTIFS(Participacion_Junta!$A$2:$A$346,H$31,Participacion_Junta!$B$2:$B$346,$M37)>0,"○","?")))) | I37: =IF($A37="","",IF(I$31="","",IF(COUNTIFS(Votaciones!$A$2:$A$346,I$31,Votaciones!$B$2:$B$346,$M37)>0,IF(COUNTIFS(Votaciones!$A$2:$A$346,I$31,Votaciones!$B$2:$B$346,$M37,Votaciones!$D$2:$D$346,"Consenso")>0,"●",IF(COUNTIFS(Votaciones!$A$2:$A$346,I$31,Votaciones!$B$2:$B$346,$M37,Votaciones!$D$2:$D$346,"Disenso restrictivo")>0,"▲",IF(COUNTIFS(Votaciones!$A$2:$A$346,I$31,Votaciones!$B$2:$B$346,$M37,Votaciones!$D$2:$D$346,"Disenso acomodaticio")>0,"▼","?"))),IF(COUNTIFS(Participacion_Junta!$A$2:$A$346,I$31,Participacion_Junta!$B$2:$B$346,$M37)>0,"○","?")))) | ... L37: =IF($A37="","",IF(L$31="","",IF(COUNTIFS(Votaciones!$A$2:$A$346,L$31,Votaciones!$B$2:$B$346,$M37)>0,IF(COUNTIFS(Votaciones!$A$2:$A$346,L$31,Votaciones!$B$2:$B$346,$M37,Votaciones!$D$2:$D$346,"Consenso")>0,"●",IF(COUNTIFS(Votaciones!$A$2:$A$346,L$31,Votaciones!$B$2:$B$346,$M37,Votaciones!$D$2:$D$346,"Disenso restrictivo")>0,"▲",IF(COUNTIFS(Votaciones!$A$2:$A$346,L$31,Votaciones!$B$2:$B$346,$M37,Votaciones!$D$2:$D$346,"Disenso acomodaticio")>0,"▼","?"))),IF(COUNTIFS(Participacion_Junta!$A$2:$A$346,L$31,Participacion_Junta!$B$2:$B$346,$M37)>0,"○","?")))) | M37: =IFERROR(INDEX($D$351:$D$586,MATCH($X$2,$A$351:$A$586,0)),"") | Z37: D20040723 | AA37: 38191
A38: =IF($M38="","",IFERROR(INDEX(Personas!$B$2:$B$30,MATCH($M38,Personas!$A$2:$A$30,0)),"?")) | B38: =IF($A38="","",IF(B$31="","",IF(COUNTIFS(Votaciones!$A$2:$A$346,B$31,Votaciones!$B$2:$B$346,$M38)>0,IF(COUNTIFS(Votaciones!$A$2:$A$346,B$31,Votaciones!$B$2:$B$346,$M38,Votaciones!$D$2:$D$346,"Consenso")>0,"●",IF(COUNTIFS(Votaciones!$A$2:$A$346,B$31,Votaciones!$B$2:$B$346,$M38,Votaciones!$D$2:$D$346,"Disenso restrictivo")>0,"▲",IF(COUNTIFS(Votaciones!$A$2:$A$346,B$31,Votaciones!$B$2:$B$346,$M38,Votaciones!$D$2:$D$346,"Disenso acomodaticio")>0,"▼","?"))),IF(COUNTIFS(Participacion_Junta!$A$2:$A$346,B$31,Participacion_Junta!$B$2:$B$346,$M38)>0,"○","?")))) | C38: =IF($A38="","",IF(C$31="","",IF(COUNTIFS(Votaciones!$A$2:$A$346,C$31,Votaciones!$B$2:$B$346,$M38)>0,IF(COUNTIFS(Votaciones!$A$2:$A$346,C$31,Votaciones!$B$2:$B$346,$M38,Votaciones!$D$2:$D$346,"Consenso")>0,"●",IF(COUNTIFS(Votaciones!$A$2:$A$346,C$31,Votaciones!$B$2:$B$346,$M38,Votaciones!$D$2:$D$346,"Disenso restrictivo")>0,"▲",IF(COUNTIFS(Votaciones!$A$2:$A$346,C$31,Votaciones!$B$2:$B$346,$M38,Votaciones!$D$2:$D$346,"Disenso acomodaticio")>0,"▼","?"))),IF(COUNTIFS(Participacion_Junta!$A$2:$A$346,C$31,Participacion_Junta!$B$2:$B$346,$M38)>0,"○","?")))) | D38: =IF($A38="","",IF(D$31="","",IF(COUNTIFS(Votaciones!$A$2:$A$346,D$31,Votaciones!$B$2:$B$346,$M38)>0,IF(COUNTIFS(Votaciones!$A$2:$A$346,D$31,Votaciones!$B$2:$B$346,$M38,Votaciones!$D$2:$D$346,"Consenso")>0,"●",IF(COUNTIFS(Votaciones!$A$2:$A$346,D$31,Votaciones!$B$2:$B$346,$M38,Votaciones!$D$2:$D$346,"Disenso restrictivo")>0,"▲",IF(COUNTIFS(Votaciones!$A$2:$A$346,D$31,Votaciones!$B$2:$B$346,$M38,Votaciones!$D$2:$D$346,"Disenso acomodaticio")>0,"▼","?"))),IF(COUNTIFS(Participacion_Junta!$A$2:$A$346,D$31,Participacion_Junta!$B$2:$B$346,$M38)>0,"○","?")))) | E38: =IF($A38="","",IF(E$31="","",IF(COUNTIFS(Votaciones!$A$2:$A$346,E$31,Votaciones!$B$2:$B$346,$M38)>0,IF(COUNTIFS(Votaciones!$A$2:$A$346,E$31,Votaciones!$B$2:$B$346,$M38,Votaciones!$D$2:$D$346,"Consenso")>0,"●",IF(COUNTIFS(Votaciones!$A$2:$A$346,E$31,Votaciones!$B$2:$B$346,$M38,Votaciones!$D$2:$D$346,"Disenso restrictivo")>0,"▲",IF(COUNTIFS(Votaciones!$A$2:$A$346,E$31,Votaciones!$B$2:$B$346,$M38,Votaciones!$D$2:$D$346,"Disenso acomodaticio")>0,"▼","?"))),IF(COUNTIFS(Participacion_Junta!$A$2:$A$346,E$31,Participacion_Junta!$B$2:$B$346,$M38)>0,"○","?")))) | F38: =IF($A38="","",IF(F$31="","",IF(COUNTIFS(Votaciones!$A$2:$A$346,F$31,Votaciones!$B$2:$B$346,$M38)>0,IF(COUNTIFS(Votaciones!$A$2:$A$346,F$31,Votaciones!$B$2:$B$346,$M38,Votaciones!$D$2:$D$346,"Consenso")>0,"●",IF(COUNTIFS(Votaciones!$A$2:$A$346,F$31,Votaciones!$B$2:$B$346,$M38,Votaciones!$D$2:$D$346,"Disenso restrictivo")>0,"▲",IF(COUNTIFS(Votaciones!$A$2:$A$346,F$31,Votaciones!$B$2:$B$346,$M38,Votaciones!$D$2:$D$346,"Disenso acomodaticio")>0,"▼","?"))),IF(COUNTIFS(Participacion_Junta!$A$2:$A$346,F$31,Participacion_Junta!$B$2:$B$346,$M38)>0,"○","?")))) | G38: =IF($A38="","",IF(G$31="","",IF(COUNTIFS(Votaciones!$A$2:$A$346,G$31,Votaciones!$B$2:$B$346,$M38)>0,IF(COUNTIFS(Votaciones!$A$2:$A$346,G$31,Votaciones!$B$2:$B$346,$M38,Votaciones!$D$2:$D$346,"Consenso")>0,"●",IF(COUNTIFS(Votaciones!$A$2:$A$346,G$31,Votaciones!$B$2:$B$346,$M38,Votaciones!$D$2:$D$346,"Disenso restrictivo")>0,"▲",IF(COUNTIFS(Votaciones!$A$2:$A$346,G$31,Votaciones!$B$2:$B$346,$M38,Votaciones!$D$2:$D$346,"Disenso acomodaticio")>0,"▼","?"))),IF(COUNTIFS(Participacion_Junta!$A$2:$A$346,G$31,Participacion_Junta!$B$2:$B$346,$M38)>0,"○","?")))) | H38: =IF($A38="","",IF(H$31="","",IF(COUNTIFS(Votaciones!$A$2:$A$346,H$31,Votaciones!$B$2:$B$346,$M38)>0,IF(COUNTIFS(Votaciones!$A$2:$A$346,H$31,Votaciones!$B$2:$B$346,$M38,Votaciones!$D$2:$D$346,"Consenso")>0,"●",IF(COUNTIFS(Votaciones!$A$2:$A$346,H$31,Votaciones!$B$2:$B$346,$M38,Votaciones!$D$2:$D$346,"Disenso restrictivo")>0,"▲",IF(COUNTIFS(Votaciones!$A$2:$A$346,H$31,Votaciones!$B$2:$B$346,$M38,Votaciones!$D$2:$D$346,"Disenso acomodaticio")>0,"▼","?"))),IF(COUNTIFS(Participacion_Junta!$A$2:$A$346,H$31,Participacion_Junta!$B$2:$B$346,$M38)>0,"○","?")))) | I38: =IF($A38="","",IF(I$31="","",IF(COUNTIFS(Votaciones!$A$2:$A$346,I$31,Votaciones!$B$2:$B$346,$M38)>0,IF(COUNTIFS(Votaciones!$A$2:$A$346,I$31,Votaciones!$B$2:$B$346,$M38,Votaciones!$D$2:$D$346,"Consenso")>0,"●",IF(COUNTIFS(Votaciones!$A$2:$A$346,I$31,Votaciones!$B$2:$B$346,$M38,Votaciones!$D$2:$D$346,"Disenso restrictivo")>0,"▲",IF(COUNTIFS(Votaciones!$A$2:$A$346,I$31,Votaciones!$B$2:$B$346,$M38,Votaciones!$D$2:$D$346,"Disenso acomodaticio")>0,"▼","?"))),IF(COUNTIFS(Participacion_Junta!$A$2:$A$346,I$31,Participacion_Junta!$B$2:$B$346,$M38)>0,"○","?")))) | ... L38: =IF($A38="","",IF(L$31="","",IF(COUNTIFS(Votaciones!$A$2:$A$346,L$31,Votaciones!$B$2:$B$346,$M38)>0,IF(COUNTIFS(Votaciones!$A$2:$A$346,L$31,Votaciones!$B$2:$B$346,$M38,Votaciones!$D$2:$D$346,"Consenso")>0,"●",IF(COUNTIFS(Votaciones!$A$2:$A$346,L$31,Votaciones!$B$2:$B$346,$M38,Votaciones!$D$2:$D$346,"Disenso restrictivo")>0,"▲",IF(COUNTIFS(Votaciones!$A$2:$A$346,L$31,Votaciones!$B$2:$B$346,$M38,Votaciones!$D$2:$D$346,"Disenso acomodaticio")>0,"▼","?"))),IF(COUNTIFS(Participacion_Junta!$A$2:$A$346,L$31,Participacion_Junta!$B$2:$B$346,$M38)>0,"○","?")))) | M38: =IFERROR(INDEX($E$351:$E$586,MATCH($X$2,$A$351:$A$586,0)),"") | Z38: D20040827 | AA38: 38226
A39: =IF($M39="","",IFERROR(INDEX(Personas!$B$2:$B$30,MATCH($M39,Personas!$A$2:$A$30,0)),"?")) | B39: =IF($A39="","",IF(B$31="","",IF(COUNTIFS(Votaciones!$A$2:$A$346,B$31,Votaciones!$B$2:$B$346,$M39)>0,IF(COUNTIFS(Votaciones!$A$2:$A$346,B$31,Votaciones!$B$2:$B$346,$M39,Votaciones!$D$2:$D$346,"Consenso")>0,"●",IF(COUNTIFS(Votaciones!$A$2:$A$346,B$31,Votaciones!$B$2:$B$346,$M39,Votaciones!$D$2:$D$346,"Disenso restrictivo")>0,"▲",IF(COUNTIFS(Votaciones!$A$2:$A$346,B$31,Votaciones!$B$2:$B$346,$M39,Votaciones!$D$2:$D$346,"Disenso acomodaticio")>0,"▼","?"))),IF(COUNTIFS(Participacion_Junta!$A$2:$A$346,B$31,Participacion_Junta!$B$2:$B$346,$M39)>0,"○","?")))) | C39: =IF($A39="","",IF(C$31="","",IF(COUNTIFS(Votaciones!$A$2:$A$346,C$31,Votaciones!$B$2:$B$346,$M39)>0,IF(COUNTIFS(Votaciones!$A$2:$A$346,C$31,Votaciones!$B$2:$B$346,$M39,Votaciones!$D$2:$D$346,"Consenso")>0,"●",IF(COUNTIFS(Votaciones!$A$2:$A$346,C$31,Votaciones!$B$2:$B$346,$M39,Votaciones!$D$2:$D$346,"Disenso restrictivo")>0,"▲",IF(COUNTIFS(Votaciones!$A$2:$A$346,C$31,Votaciones!$B$2:$B$346,$M39,Votaciones!$D$2:$D$346,"Disenso acomodaticio")>0,"▼","?"))),IF(COUNTIFS(Participacion_Junta!$A$2:$A$346,C$31,Participacion_Junta!$B$2:$B$346,$M39)>0,"○","?")))) | D39: =IF($A39="","",IF(D$31="","",IF(COUNTIFS(Votaciones!$A$2:$A$346,D$31,Votaciones!$B$2:$B$346,$M39)>0,IF(COUNTIFS(Votaciones!$A$2:$A$346,D$31,Votaciones!$B$2:$B$346,$M39,Votaciones!$D$2:$D$346,"Consenso")>0,"●",IF(COUNTIFS(Votaciones!$A$2:$A$346,D$31,Votaciones!$B$2:$B$346,$M39,Votaciones!$D$2:$D$346,"Disenso restrictivo")>0,"▲",IF(COUNTIFS(Votaciones!$A$2:$A$346,D$31,Votaciones!$B$2:$B$346,$M39,Votaciones!$D$2:$D$346,"Disenso acomodaticio")>0,"▼","?"))),IF(COUNTIFS(Participacion_Junta!$A$2:$A$346,D$31,Participacion_Junta!$B$2:$B$346,$M39)>0,"○","?")))) | E39: =IF($A39="","",IF(E$31="","",IF(COUNTIFS(Votaciones!$A$2:$A$346,E$31,Votaciones!$B$2:$B$346,$M39)>0,IF(COUNTIFS(Votaciones!$A$2:$A$346,E$31,Votaciones!$B$2:$B$346,$M39,Votaciones!$D$2:$D$346,"Consenso")>0,"●",IF(COUNTIFS(Votaciones!$A$2:$A$346,E$31,Votaciones!$B$2:$B$346,$M39,Votaciones!$D$2:$D$346,"Disenso restrictivo")>0,"▲",IF(COUNTIFS(Votaciones!$A$2:$A$346,E$31,Votaciones!$B$2:$B$346,$M39,Votaciones!$D$2:$D$346,"Disenso acomodaticio")>0,"▼","?"))),IF(COUNTIFS(Participacion_Junta!$A$2:$A$346,E$31,Participacion_Junta!$B$2:$B$346,$M39)>0,"○","?")))) | F39: =IF($A39="","",IF(F$31="","",IF(COUNTIFS(Votaciones!$A$2:$A$346,F$31,Votaciones!$B$2:$B$346,$M39)>0,IF(COUNTIFS(Votaciones!$A$2:$A$346,F$31,Votaciones!$B$2:$B$346,$M39,Votaciones!$D$2:$D$346,"Consenso")>0,"●",IF(COUNTIFS(Votaciones!$A$2:$A$346,F$31,Votaciones!$B$2:$B$346,$M39,Votaciones!$D$2:$D$346,"Disenso restrictivo")>0,"▲",IF(COUNTIFS(Votaciones!$A$2:$A$346,F$31,Votaciones!$B$2:$B$346,$M39,Votaciones!$D$2:$D$346,"Disenso acomodaticio")>0,"▼","?"))),IF(COUNTIFS(Participacion_Junta!$A$2:$A$346,F$31,Participacion_Junta!$B$2:$B$346,$M39)>0,"○","?")))) | G39: =IF($A39="","",IF(G$31="","",IF(COUNTIFS(Votaciones!$A$2:$A$346,G$31,Votaciones!$B$2:$B$346,$M39)>0,IF(COUNTIFS(Votaciones!$A$2:$A$346,G$31,Votaciones!$B$2:$B$346,$M39,Votaciones!$D$2:$D$346,"Consenso")>0,"●",IF(COUNTIFS(Votaciones!$A$2:$A$346,G$31,Votaciones!$B$2:$B$346,$M39,Votaciones!$D$2:$D$346,"Disenso restrictivo")>0,"▲",IF(COUNTIFS(Votaciones!$A$2:$A$346,G$31,Votaciones!$B$2:$B$346,$M39,Votaciones!$D$2:$D$346,"Disenso acomodaticio")>0,"▼","?"))),IF(COUNTIFS(Participacion_Junta!$A$2:$A$346,G$31,Participacion_Junta!$B$2:$B$346,$M39)>0,"○","?")))) | H39: =IF($A39="","",IF(H$31="","",IF(COUNTIFS(Votaciones!$A$2:$A$346,H$31,Votaciones!$B$2:$B$346,$M39)>0,IF(COUNTIFS(Votaciones!$A$2:$A$346,H$31,Votaciones!$B$2:$B$346,$M39,Votaciones!$D$2:$D$346,"Consenso")>0,"●",IF(COUNTIFS(Votaciones!$A$2:$A$346,H$31,Votaciones!$B$2:$B$346,$M39,Votaciones!$D$2:$D$346,"Disenso restrictivo")>0,"▲",IF(COUNTIFS(Votaciones!$A$2:$A$346,H$31,Votaciones!$B$2:$B$346,$M39,Votaciones!$D$2:$D$346,"Disenso acomodaticio")>0,"▼","?"))),IF(COUNTIFS(Participacion_Junta!$A$2:$A$346,H$31,Participacion_Junta!$B$2:$B$346,$M39)>0,"○","?")))) | I39: =IF($A39="","",IF(I$31="","",IF(COUNTIFS(Votaciones!$A$2:$A$346,I$31,Votaciones!$B$2:$B$346,$M39)>0,IF(COUNTIFS(Votaciones!$A$2:$A$346,I$31,Votaciones!$B$2:$B$346,$M39,Votaciones!$D$2:$D$346,"Consenso")>0,"●",IF(COUNTIFS(Votaciones!$A$2:$A$346,I$31,Votaciones!$B$2:$B$346,$M39,Votaciones!$D$2:$D$346,"Disenso restrictivo")>0,"▲",IF(COUNTIFS(Votaciones!$A$2:$A$346,I$31,Votaciones!$B$2:$B$346,$M39,Votaciones!$D$2:$D$346,"Disenso acomodaticio")>0,"▼","?"))),IF(COUNTIFS(Participacion_Junta!$A$2:$A$346,I$31,Participacion_Junta!$B$2:$B$346,$M39)>0,"○","?")))) | ... L39: =IF($A39="","",IF(L$31="","",IF(COUNTIFS(Votaciones!$A$2:$A$346,L$31,Votaciones!$B$2:$B$346,$M39)>0,IF(COUNTIFS(Votaciones!$A$2:$A$346,L$31,Votaciones!$B$2:$B$346,$M39,Votaciones!$D$2:$D$346,"Consenso")>0,"●",IF(COUNTIFS(Votaciones!$A$2:$A$346,L$31,Votaciones!$B$2:$B$346,$M39,Votaciones!$D$2:$D$346,"Disenso restrictivo")>0,"▲",IF(COUNTIFS(Votaciones!$A$2:$A$346,L$31,Votaciones!$B$2:$B$346,$M39,Votaciones!$D$2:$D$346,"Disenso acomodaticio")>0,"▼","?"))),IF(COUNTIFS(Participacion_Junta!$A$2:$A$346,L$31,Participacion_Junta!$B$2:$B$346,$M39)>0,"○","?")))) | M39: =IFERROR(INDEX($F$351:$F$586,MATCH($X$2,$A$351:$A$586,0)),"") | Z39: D20040924 | AA39: 38254
A40: =IF($M40="","",IFERROR(INDEX(Personas!$B$2:$B$30,MATCH($M40,Personas!$A$2:$A$30,0)),"?")) | B40: =IF($A40="","",IF(B$31="","",IF(COUNTIFS(Votaciones!$A$2:$A$346,B$31,Votaciones!$B$2:$B$346,$M40)>0,IF(COUNTIFS(Votaciones!$A$2:$A$346,B$31,Votaciones!$B$2:$B$346,$M40,Votaciones!$D$2:$D$346,"Consenso")>0,"●",IF(COUNTIFS(Votaciones!$A$2:$A$346,B$31,Votaciones!$B$2:$B$346,$M40,Votaciones!$D$2:$D$346,"Disenso restrictivo")>0,"▲",IF(COUNTIFS(Votaciones!$A$2:$A$346,B$31,Votaciones!$B$2:$B$346,$M40,Votaciones!$D$2:$D$346,"Disenso acomodaticio")>0,"▼","?"))),IF(COUNTIFS(Participacion_Junta!$A$2:$A$346,B$31,Participacion_Junta!$B$2:$B$346,$M40)>0,"○","?")))) | C40: =IF($A40="","",IF(C$31="","",IF(COUNTIFS(Votaciones!$A$2:$A$346,C$31,Votaciones!$B$2:$B$346,$M40)>0,IF(COUNTIFS(Votaciones!$A$2:$A$346,C$31,Votaciones!$B$2:$B$346,$M40,Votaciones!$D$2:$D$346,"Consenso")>0,"●",IF(COUNTIFS(Votaciones!$A$2:$A$346,C$31,Votaciones!$B$2:$B$346,$M40,Votaciones!$D$2:$D$346,"Disenso restrictivo")>0,"▲",IF(COUNTIFS(Votaciones!$A$2:$A$346,C$31,Votaciones!$B$2:$B$346,$M40,Votaciones!$D$2:$D$346,"Disenso acomodaticio")>0,"▼","?"))),IF(COUNTIFS(Participacion_Junta!$A$2:$A$346,C$31,Participacion_Junta!$B$2:$B$346,$M40)>0,"○","?")))) | D40: =IF($A40="","",IF(D$31="","",IF(COUNTIFS(Votaciones!$A$2:$A$346,D$31,Votaciones!$B$2:$B$346,$M40)>0,IF(COUNTIFS(Votaciones!$A$2:$A$346,D$31,Votaciones!$B$2:$B$346,$M40,Votaciones!$D$2:$D$346,"Consenso")>0,"●",IF(COUNTIFS(Votaciones!$A$2:$A$346,D$31,Votaciones!$B$2:$B$346,$M40,Votaciones!$D$2:$D$346,"Disenso restrictivo")>0,"▲",IF(COUNTIFS(Votaciones!$A$2:$A$346,D$31,Votaciones!$B$2:$B$346,$M40,Votaciones!$D$2:$D$346,"Disenso acomodaticio")>0,"▼","?"))),IF(COUNTIFS(Participacion_Junta!$A$2:$A$346,D$31,Participacion_Junta!$B$2:$B$346,$M40)>0,"○","?")))) | E40: =IF($A40="","",IF(E$31="","",IF(COUNTIFS(Votaciones!$A$2:$A$346,E$31,Votaciones!$B$2:$B$346,$M40)>0,IF(COUNTIFS(Votaciones!$A$2:$A$346,E$31,Votaciones!$B$2:$B$346,$M40,Votaciones!$D$2:$D$346,"Consenso")>0,"●",IF(COUNTIFS(Votaciones!$A$2:$A$346,E$31,Votaciones!$B$2:$B$346,$M40,Votaciones!$D$2:$D$346,"Disenso restrictivo")>0,"▲",IF(COUNTIFS(Votaciones!$A$2:$A$346,E$31,Votaciones!$B$2:$B$346,$M40,Votaciones!$D$2:$D$346,"Disenso acomodaticio")>0,"▼","?"))),IF(COUNTIFS(Participacion_Junta!$A$2:$A$346,E$31,Participacion_Junta!$B$2:$B$346,$M40)>0,"○","?")))) | F40: =IF($A40="","",IF(F$31="","",IF(COUNTIFS(Votaciones!$A$2:$A$346,F$31,Votaciones!$B$2:$B$346,$M40)>0,IF(COUNTIFS(Votaciones!$A$2:$A$346,F$31,Votaciones!$B$2:$B$346,$M40,Votaciones!$D$2:$D$346,"Consenso")>0,"●",IF(COUNTIFS(Votaciones!$A$2:$A$346,F$31,Votaciones!$B$2:$B$346,$M40,Votaciones!$D$2:$D$346,"Disenso restrictivo")>0,"▲",IF(COUNTIFS(Votaciones!$A$2:$A$346,F$31,Votaciones!$B$2:$B$346,$M40,Votaciones!$D$2:$D$346,"Disenso acomodaticio")>0,"▼","?"))),IF(COUNTIFS(Participacion_Junta!$A$2:$A$346,F$31,Participacion_Junta!$B$2:$B$346,$M40)>0,"○","?")))) | G40: =IF($A40="","",IF(G$31="","",IF(COUNTIFS(Votaciones!$A$2:$A$346,G$31,Votaciones!$B$2:$B$346,$M40)>0,IF(COUNTIFS(Votaciones!$A$2:$A$346,G$31,Votaciones!$B$2:$B$346,$M40,Votaciones!$D$2:$D$346,"Consenso")>0,"●",IF(COUNTIFS(Votaciones!$A$2:$A$346,G$31,Votaciones!$B$2:$B$346,$M40,Votaciones!$D$2:$D$346,"Disenso restrictivo")>0,"▲",IF(COUNTIFS(Votaciones!$A$2:$A$346,G$31,Votaciones!$B$2:$B$346,$M40,Votaciones!$D$2:$D$346,"Disenso acomodaticio")>0,"▼","?"))),IF(COUNTIFS(Participacion_Junta!$A$2:$A$346,G$31,Participacion_Junta!$B$2:$B$346,$M40)>0,"○","?")))) | H40: =IF($A40="","",IF(H$31="","",IF(COUNTIFS(Votaciones!$A$2:$A$346,H$31,Votaciones!$B$2:$B$346,$M40)>0,IF(COUNTIFS(Votaciones!$A$2:$A$346,H$31,Votaciones!$B$2:$B$346,$M40,Votaciones!$D$2:$D$346,"Consenso")>0,"●",IF(COUNTIFS(Votaciones!$A$2:$A$346,H$31,Votaciones!$B$2:$B$346,$M40,Votaciones!$D$2:$D$346,"Disenso restrictivo")>0,"▲",IF(COUNTIFS(Votaciones!$A$2:$A$346,H$31,Votaciones!$B$2:$B$346,$M40,Votaciones!$D$2:$D$346,"Disenso acomodaticio")>0,"▼","?"))),IF(COUNTIFS(Participacion_Junta!$A$2:$A$346,H$31,Participacion_Junta!$B$2:$B$346,$M40)>0,"○","?")))) | I40: =IF($A40="","",IF(I$31="","",IF(COUNTIFS(Votaciones!$A$2:$A$346,I$31,Votaciones!$B$2:$B$346,$M40)>0,IF(COUNTIFS(Votaciones!$A$2:$A$346,I$31,Votaciones!$B$2:$B$346,$M40,Votaciones!$D$2:$D$346,"Consenso")>0,"●",IF(COUNTIFS(Votaciones!$A$2:$A$346,I$31,Votaciones!$B$2:$B$346,$M40,Votaciones!$D$2:$D$346,"Disenso restrictivo")>0,"▲",IF(COUNTIFS(Votaciones!$A$2:$A$346,I$31,Votaciones!$B$2:$B$346,$M40,Votaciones!$D$2:$D$346,"Disenso acomodaticio")>0,"▼","?"))),IF(COUNTIFS(Participacion_Junta!$A$2:$A$346,I$31,Participacion_Junta!$B$2:$B$346,$M40)>0,"○","?")))) | ... L40: =IF($A40="","",IF(L$31="","",IF(COUNTIFS(Votaciones!$A$2:$A$346,L$31,Votaciones!$B$2:$B$346,$M40)>0,IF(COUNTIFS(Votaciones!$A$2:$A$346,L$31,Votaciones!$B$2:$B$346,$M40,Votaciones!$D$2:$D$346,"Consenso")>0,"●",IF(COUNTIFS(Votaciones!$A$2:$A$346,L$31,Votaciones!$B$2:$B$346,$M40,Votaciones!$D$2:$D$346,"Disenso restrictivo")>0,"▲",IF(COUNTIFS(Votaciones!$A$2:$A$346,L$31,Votaciones!$B$2:$B$346,$M40,Votaciones!$D$2:$D$346,"Disenso acomodaticio")>0,"▼","?"))),IF(COUNTIFS(Participacion_Junta!$A$2:$A$346,L$31,Participacion_Junta!$B$2:$B$346,$M40)>0,"○","?")))) | M40: =IFERROR(INDEX($G$351:$G$586,MATCH($X$2,$A$351:$A$586,0)),"") | Z40: D20041022 | AA40: 38282
A41: =IF($M41="","",IFERROR(INDEX(Personas!$B$2:$B$30,MATCH($M41,Personas!$A$2:$A$30,0)),"?")) | B41: =IF($A41="","",IF(B$31="","",IF(COUNTIFS(Votaciones!$A$2:$A$346,B$31,Votaciones!$B$2:$B$346,$M41)>0,IF(COUNTIFS(Votaciones!$A$2:$A$346,B$31,Votaciones!$B$2:$B$346,$M41,Votaciones!$D$2:$D$346,"Consenso")>0,"●",IF(COUNTIFS(Votaciones!$A$2:$A$346,B$31,Votaciones!$B$2:$B$346,$M41,Votaciones!$D$2:$D$346,"Disenso restrictivo")>0,"▲",IF(COUNTIFS(Votaciones!$A$2:$A$346,B$31,Votaciones!$B$2:$B$346,$M41,Votaciones!$D$2:$D$346,"Disenso acomodaticio")>0,"▼","?"))),IF(COUNTIFS(Participacion_Junta!$A$2:$A$346,B$31,Participacion_Junta!$B$2:$B$346,$M41)>0,"○","?")))) | C41: =IF($A41="","",IF(C$31="","",IF(COUNTIFS(Votaciones!$A$2:$A$346,C$31,Votaciones!$B$2:$B$346,$M41)>0,IF(COUNTIFS(Votaciones!$A$2:$A$346,C$31,Votaciones!$B$2:$B$346,$M41,Votaciones!$D$2:$D$346,"Consenso")>0,"●",IF(COUNTIFS(Votaciones!$A$2:$A$346,C$31,Votaciones!$B$2:$B$346,$M41,Votaciones!$D$2:$D$346,"Disenso restrictivo")>0,"▲",IF(COUNTIFS(Votaciones!$A$2:$A$346,C$31,Votaciones!$B$2:$B$346,$M41,Votaciones!$D$2:$D$346,"Disenso acomodaticio")>0,"▼","?"))),IF(COUNTIFS(Participacion_Junta!$A$2:$A$346,C$31,Participacion_Junta!$B$2:$B$346,$M41)>0,"○","?")))) | D41: =IF($A41="","",IF(D$31="","",IF(COUNTIFS(Votaciones!$A$2:$A$346,D$31,Votaciones!$B$2:$B$346,$M41)>0,IF(COUNTIFS(Votaciones!$A$2:$A$346,D$31,Votaciones!$B$2:$B$346,$M41,Votaciones!$D$2:$D$346,"Consenso")>0,"●",IF(COUNTIFS(Votaciones!$A$2:$A$346,D$31,Votaciones!$B$2:$B$346,$M41,Votaciones!$D$2:$D$346,"Disenso restrictivo")>0,"▲",IF(COUNTIFS(Votaciones!$A$2:$A$346,D$31,Votaciones!$B$2:$B$346,$M41,Votaciones!$D$2:$D$346,"Disenso acomodaticio")>0,"▼","?"))),IF(COUNTIFS(Participacion_Junta!$A$2:$A$346,D$31,Participacion_Junta!$B$2:$B$346,$M41)>0,"○","?")))) | E41: =IF($A41="","",IF(E$31="","",IF(COUNTIFS(Votaciones!$A$2:$A$346,E$31,Votaciones!$B$2:$B$346,$M41)>0,IF(COUNTIFS(Votaciones!$A$2:$A$346,E$31,Votaciones!$B$2:$B$346,$M41,Votaciones!$D$2:$D$346,"Consenso")>0,"●",IF(COUNTIFS(Votaciones!$A$2:$A$346,E$31,Votaciones!$B$2:$B$346,$M41,Votaciones!$D$2:$D$346,"Disenso restrictivo")>0,"▲",IF(COUNTIFS(Votaciones!$A$2:$A$346,E$31,Votaciones!$B$2:$B$346,$M41,Votaciones!$D$2:$D$346,"Disenso acomodaticio")>0,"▼","?"))),IF(COUNTIFS(Participacion_Junta!$A$2:$A$346,E$31,Participacion_Junta!$B$2:$B$346,$M41)>0,"○","?")))) | F41: =IF($A41="","",IF(F$31="","",IF(COUNTIFS(Votaciones!$A$2:$A$346,F$31,Votaciones!$B$2:$B$346,$M41)>0,IF(COUNTIFS(Votaciones!$A$2:$A$346,F$31,Votaciones!$B$2:$B$346,$M41,Votaciones!$D$2:$D$346,"Consenso")>0,"●",IF(COUNTIFS(Votaciones!$A$2:$A$346,F$31,Votaciones!$B$2:$B$346,$M41,Votaciones!$D$2:$D$346,"Disenso restrictivo")>0,"▲",IF(COUNTIFS(Votaciones!$A$2:$A$346,F$31,Votaciones!$B$2:$B$346,$M41,Votaciones!$D$2:$D$346,"Disenso acomodaticio")>0,"▼","?"))),IF(COUNTIFS(Participacion_Junta!$A$2:$A$346,F$31,Participacion_Junta!$B$2:$B$346,$M41)>0,"○","?")))) | G41: =IF($A41="","",IF(G$31="","",IF(COUNTIFS(Votaciones!$A$2:$A$346,G$31,Votaciones!$B$2:$B$346,$M41)>0,IF(COUNTIFS(Votaciones!$A$2:$A$346,G$31,Votaciones!$B$2:$B$346,$M41,Votaciones!$D$2:$D$346,"Consenso")>0,"●",IF(COUNTIFS(Votaciones!$A$2:$A$346,G$31,Votaciones!$B$2:$B$346,$M41,Votaciones!$D$2:$D$346,"Disenso restrictivo")>0,"▲",IF(COUNTIFS(Votaciones!$A$2:$A$346,G$31,Votaciones!$B$2:$B$346,$M41,Votaciones!$D$2:$D$346,"Disenso acomodaticio")>0,"▼","?"))),IF(COUNTIFS(Participacion_Junta!$A$2:$A$346,G$31,Participacion_Junta!$B$2:$B$346,$M41)>0,"○","?")))) | H41: =IF($A41="","",IF(H$31="","",IF(COUNTIFS(Votaciones!$A$2:$A$346,H$31,Votaciones!$B$2:$B$346,$M41)>0,IF(COUNTIFS(Votaciones!$A$2:$A$346,H$31,Votaciones!$B$2:$B$346,$M41,Votaciones!$D$2:$D$346,"Consenso")>0,"●",IF(COUNTIFS(Votaciones!$A$2:$A$346,H$31,Votaciones!$B$2:$B$346,$M41,Votaciones!$D$2:$D$346,"Disenso restrictivo")>0,"▲",IF(COUNTIFS(Votaciones!$A$2:$A$346,H$31,Votaciones!$B$2:$B$346,$M41,Votaciones!$D$2:$D$346,"Disenso acomodaticio")>0,"▼","?"))),IF(COUNTIFS(Participacion_Junta!$A$2:$A$346,H$31,Participacion_Junta!$B$2:$B$346,$M41)>0,"○","?")))) | I41: =IF($A41="","",IF(I$31="","",IF(COUNTIFS(Votaciones!$A$2:$A$346,I$31,Votaciones!$B$2:$B$346,$M41)>0,IF(COUNTIFS(Votaciones!$A$2:$A$346,I$31,Votaciones!$B$2:$B$346,$M41,Votaciones!$D$2:$D$346,"Consenso")>0,"●",IF(COUNTIFS(Votaciones!$A$2:$A$346,I$31,Votaciones!$B$2:$B$346,$M41,Votaciones!$D$2:$D$346,"Disenso restrictivo")>0,"▲",IF(COUNTIFS(Votaciones!$A$2:$A$346,I$31,Votaciones!$B$2:$B$346,$M41,Votaciones!$D$2:$D$346,"Disenso acomodaticio")>0,"▼","?"))),IF(COUNTIFS(Participacion_Junta!$A$2:$A$346,I$31,Participacion_Junta!$B$2:$B$346,$M41)>0,"○","?")))) | ... L41: =IF($A41="","",IF(L$31="","",IF(COUNTIFS(Votaciones!$A$2:$A$346,L$31,Votaciones!$B$2:$B$346,$M41)>0,IF(COUNTIFS(Votaciones!$A$2:$A$346,L$31,Votaciones!$B$2:$B$346,$M41,Votaciones!$D$2:$D$346,"Consenso")>0,"●",IF(COUNTIFS(Votaciones!$A$2:$A$346,L$31,Votaciones!$B$2:$B$346,$M41,Votaciones!$D$2:$D$346,"Disenso restrictivo")>0,"▲",IF(COUNTIFS(Votaciones!$A$2:$A$346,L$31,Votaciones!$B$2:$B$346,$M41,Votaciones!$D$2:$D$346,"Disenso acomodaticio")>0,"▼","?"))),IF(COUNTIFS(Participacion_Junta!$A$2:$A$346,L$31,Participacion_Junta!$B$2:$B$346,$M41)>0,"○","?")))) | M41: =IFERROR(INDEX($H$351:$H$586,MATCH($X$2,$A$351:$A$586,0)),"") | Z41: D20041126 | AA41: 38317
A42: =IF($M42="","",IFERROR(INDEX(Personas!$B$2:$B$30,MATCH($M42,Personas!$A$2:$A$30,0)),"?")) | B42: =IF($A42="","",IF(B$31="","",IF(COUNTIFS(Votaciones!$A$2:$A$346,B$31,Votaciones!$B$2:$B$346,$M42)>0,IF(COUNTIFS(Votaciones!$A$2:$A$346,B$31,Votaciones!$B$2:$B$346,$M42,Votaciones!$D$2:$D$346,"Consenso")>0,"●",IF(COUNTIFS(Votaciones!$A$2:$A$346,B$31,Votaciones!$B$2:$B$346,$M42,Votaciones!$D$2:$D$346,"Disenso restrictivo")>0,"▲",IF(COUNTIFS(Votaciones!$A$2:$A$346,B$31,Votaciones!$B$2:$B$346,$M42,Votaciones!$D$2:$D$346,"Disenso acomodaticio")>0,"▼","?"))),IF(COUNTIFS(Participacion_Junta!$A$2:$A$346,B$31,Participacion_Junta!$B$2:$B$346,$M42)>0,"○","?")))) | C42: =IF($A42="","",IF(C$31="","",IF(COUNTIFS(Votaciones!$A$2:$A$346,C$31,Votaciones!$B$2:$B$346,$M42)>0,IF(COUNTIFS(Votaciones!$A$2:$A$346,C$31,Votaciones!$B$2:$B$346,$M42,Votaciones!$D$2:$D$346,"Consenso")>0,"●",IF(COUNTIFS(Votaciones!$A$2:$A$346,C$31,Votaciones!$B$2:$B$346,$M42,Votaciones!$D$2:$D$346,"Disenso restrictivo")>0,"▲",IF(COUNTIFS(Votaciones!$A$2:$A$346,C$31,Votaciones!$B$2:$B$346,$M42,Votaciones!$D$2:$D$346,"Disenso acomodaticio")>0,"▼","?"))),IF(COUNTIFS(Participacion_Junta!$A$2:$A$346,C$31,Participacion_Junta!$B$2:$B$346,$M42)>0,"○","?")))) | D42: =IF($A42="","",IF(D$31="","",IF(COUNTIFS(Votaciones!$A$2:$A$346,D$31,Votaciones!$B$2:$B$346,$M42)>0,IF(COUNTIFS(Votaciones!$A$2:$A$346,D$31,Votaciones!$B$2:$B$346,$M42,Votaciones!$D$2:$D$346,"Consenso")>0,"●",IF(COUNTIFS(Votaciones!$A$2:$A$346,D$31,Votaciones!$B$2:$B$346,$M42,Votaciones!$D$2:$D$346,"Disenso restrictivo")>0,"▲",IF(COUNTIFS(Votaciones!$A$2:$A$346,D$31,Votaciones!$B$2:$B$346,$M42,Votaciones!$D$2:$D$346,"Disenso acomodaticio")>0,"▼","?"))),IF(COUNTIFS(Participacion_Junta!$A$2:$A$346,D$31,Participacion_Junta!$B$2:$B$346,$M42)>0,"○","?")))) | E42: =IF($A42="","",IF(E$31="","",IF(COUNTIFS(Votaciones!$A$2:$A$346,E$31,Votaciones!$B$2:$B$346,$M42)>0,IF(COUNTIFS(Votaciones!$A$2:$A$346,E$31,Votaciones!$B$2:$B$346,$M42,Votaciones!$D$2:$D$346,"Consenso")>0,"●",IF(COUNTIFS(Votaciones!$A$2:$A$346,E$31,Votaciones!$B$2:$B$346,$M42,Votaciones!$D$2:$D$346,"Disenso restrictivo")>0,"▲",IF(COUNTIFS(Votaciones!$A$2:$A$346,E$31,Votaciones!$B$2:$B$346,$M42,Votaciones!$D$2:$D$346,"Disenso acomodaticio")>0,"▼","?"))),IF(COUNTIFS(Participacion_Junta!$A$2:$A$346,E$31,Participacion_Junta!$B$2:$B$346,$M42)>0,"○","?")))) | F42: =IF($A42="","",IF(F$31="","",IF(COUNTIFS(Votaciones!$A$2:$A$346,F$31,Votaciones!$B$2:$B$346,$M42)>0,IF(COUNTIFS(Votaciones!$A$2:$A$346,F$31,Votaciones!$B$2:$B$346,$M42,Votaciones!$D$2:$D$346,"Consenso")>0,"●",IF(COUNTIFS(Votaciones!$A$2:$A$346,F$31,Votaciones!$B$2:$B$346,$M42,Votaciones!$D$2:$D$346,"Disenso restrictivo")>0,"▲",IF(COUNTIFS(Votaciones!$A$2:$A$346,F$31,Votaciones!$B$2:$B$346,$M42,Votaciones!$D$2:$D$346,"Disenso acomodaticio")>0,"▼","?"))),IF(COUNTIFS(Participacion_Junta!$A$2:$A$346,F$31,Participacion_Junta!$B$2:$B$346,$M42)>0,"○","?")))) | G42: =IF($A42="","",IF(G$31="","",IF(COUNTIFS(Votaciones!$A$2:$A$346,G$31,Votaciones!$B$2:$B$346,$M42)>0,IF(COUNTIFS(Votaciones!$A$2:$A$346,G$31,Votaciones!$B$2:$B$346,$M42,Votaciones!$D$2:$D$346,"Consenso")>0,"●",IF(COUNTIFS(Votaciones!$A$2:$A$346,G$31,Votaciones!$B$2:$B$346,$M42,Votaciones!$D$2:$D$346,"Disenso restrictivo")>0,"▲",IF(COUNTIFS(Votaciones!$A$2:$A$346,G$31,Votaciones!$B$2:$B$346,$M42,Votaciones!$D$2:$D$346,"Disenso acomodaticio")>0,"▼","?"))),IF(COUNTIFS(Participacion_Junta!$A$2:$A$346,G$31,Participacion_Junta!$B$2:$B$346,$M42)>0,"○","?")))) | H42: =IF($A42="","",IF(H$31="","",IF(COUNTIFS(Votaciones!$A$2:$A$346,H$31,Votaciones!$B$2:$B$346,$M42)>0,IF(COUNTIFS(Votaciones!$A$2:$A$346,H$31,Votaciones!$B$2:$B$346,$M42,Votaciones!$D$2:$D$346,"Consenso")>0,"●",IF(COUNTIFS(Votaciones!$A$2:$A$346,H$31,Votaciones!$B$2:$B$346,$M42,Votaciones!$D$2:$D$346,"Disenso restrictivo")>0,"▲",IF(COUNTIFS(Votaciones!$A$2:$A$346,H$31,Votaciones!$B$2:$B$346,$M42,Votaciones!$D$2:$D$346,"Disenso acomodaticio")>0,"▼","?"))),IF(COUNTIFS(Participacion_Junta!$A$2:$A$346,H$31,Participacion_Junta!$B$2:$B$346,$M42)>0,"○","?")))) | I42: =IF($A42="","",IF(I$31="","",IF(COUNTIFS(Votaciones!$A$2:$A$346,I$31,Votaciones!$B$2:$B$346,$M42)>0,IF(COUNTIFS(Votaciones!$A$2:$A$346,I$31,Votaciones!$B$2:$B$346,$M42,Votaciones!$D$2:$D$346,"Consenso")>0,"●",IF(COUNTIFS(Votaciones!$A$2:$A$346,I$31,Votaciones!$B$2:$B$346,$M42,Votaciones!$D$2:$D$346,"Disenso restrictivo")>0,"▲",IF(COUNTIFS(Votaciones!$A$2:$A$346,I$31,Votaciones!$B$2:$B$346,$M42,Votaciones!$D$2:$D$346,"Disenso acomodaticio")>0,"▼","?"))),IF(COUNTIFS(Participacion_Junta!$A$2:$A$346,I$31,Participacion_Junta!$B$2:$B$346,$M42)>0,"○","?")))) | ... L42: =IF($A42="","",IF(L$31="","",IF(COUNTIFS(Votaciones!$A$2:$A$346,L$31,Votaciones!$B$2:$B$346,$M42)>0,IF(COUNTIFS(Votaciones!$A$2:$A$346,L$31,Votaciones!$B$2:$B$346,$M42,Votaciones!$D$2:$D$346,"Consenso")>0,"●",IF(COUNTIFS(Votaciones!$A$2:$A$346,L$31,Votaciones!$B$2:$B$346,$M42,Votaciones!$D$2:$D$346,"Disenso restrictivo")>0,"▲",IF(COUNTIFS(Votaciones!$A$2:$A$346,L$31,Votaciones!$B$2:$B$346,$M42,Votaciones!$D$2:$D$346,"Disenso acomodaticio")>0,"▼","?"))),IF(COUNTIFS(Participacion_Junta!$A$2:$A$346,L$31,Participacion_Junta!$B$2:$B$346,$M42)>0,"○","?")))) | M42: =IFERROR(INDEX($I$351:$I$586,MATCH($X$2,$A$351:$A$586,0)),"") | Z42: D20041210 | AA42: 38331
A43: =IF($M43="","",IFERROR(INDEX(Personas!$B$2:$B$30,MATCH($M43,Personas!$A$2:$A$30,0)),"?")) | B43: =IF($A43="","",IF(B$31="","",IF(COUNTIFS(Votaciones!$A$2:$A$346,B$31,Votaciones!$B$2:$B$346,$M43)>0,IF(COUNTIFS(Votaciones!$A$2:$A$346,B$31,Votaciones!$B$2:$B$346,$M43,Votaciones!$D$2:$D$346,"Consenso")>0,"●",IF(COUNTIFS(Votaciones!$A$2:$A$346,B$31,Votaciones!$B$2:$B$346,$M43,Votaciones!$D$2:$D$346,"Disenso restrictivo")>0,"▲",IF(COUNTIFS(Votaciones!$A$2:$A$346,B$31,Votaciones!$B$2:$B$346,$M43,Votaciones!$D$2:$D$346,"Disenso acomodaticio")>0,"▼","?"))),IF(COUNTIFS(Participacion_Junta!$A$2:$A$346,B$31,Participacion_Junta!$B$2:$B$346,$M43)>0,"○","?")))) | C43: =IF($A43="","",IF(C$31="","",IF(COUNTIFS(Votaciones!$A$2:$A$346,C$31,Votaciones!$B$2:$B$346,$M43)>0,IF(COUNTIFS(Votaciones!$A$2:$A$346,C$31,Votaciones!$B$2:$B$346,$M43,Votaciones!$D$2:$D$346,"Consenso")>0,"●",IF(COUNTIFS(Votaciones!$A$2:$A$346,C$31,Votaciones!$B$2:$B$346,$M43,Votaciones!$D$2:$D$346,"Disenso restrictivo")>0,"▲",IF(COUNTIFS(Votaciones!$A$2:$A$346,C$31,Votaciones!$B$2:$B$346,$M43,Votaciones!$D$2:$D$346,"Disenso acomodaticio")>0,"▼","?"))),IF(COUNTIFS(Participacion_Junta!$A$2:$A$346,C$31,Participacion_Junta!$B$2:$B$346,$M43)>0,"○","?")))) | D43: =IF($A43="","",IF(D$31="","",IF(COUNTIFS(Votaciones!$A$2:$A$346,D$31,Votaciones!$B$2:$B$346,$M43)>0,IF(COUNTIFS(Votaciones!$A$2:$A$346,D$31,Votaciones!$B$2:$B$346,$M43,Votaciones!$D$2:$D$346,"Consenso")>0,"●",IF(COUNTIFS(Votaciones!$A$2:$A$346,D$31,Votaciones!$B$2:$B$346,$M43,Votaciones!$D$2:$D$346,"Disenso restrictivo")>0,"▲",IF(COUNTIFS(Votaciones!$A$2:$A$346,D$31,Votaciones!$B$2:$B$346,$M43,Votaciones!$D$2:$D$346,"Disenso acomodaticio")>0,"▼","?"))),IF(COUNTIFS(Participacion_Junta!$A$2:$A$346,D$31,Participacion_Junta!$B$2:$B$346,$M43)>0,"○","?")))) | E43: =IF($A43="","",IF(E$31="","",IF(COUNTIFS(Votaciones!$A$2:$A$346,E$31,Votaciones!$B$2:$B$346,$M43)>0,IF(COUNTIFS(Votaciones!$A$2:$A$346,E$31,Votaciones!$B$2:$B$346,$M43,Votaciones!$D$2:$D$346,"Consenso")>0,"●",IF(COUNTIFS(Votaciones!$A$2:$A$346,E$31,Votaciones!$B$2:$B$346,$M43,Votaciones!$D$2:$D$346,"Disenso restrictivo")>0,"▲",IF(COUNTIFS(Votaciones!$A$2:$A$346,E$31,Votaciones!$B$2:$B$346,$M43,Votaciones!$D$2:$D$346,"Disenso acomodaticio")>0,"▼","?"))),IF(COUNTIFS(Participacion_Junta!$A$2:$A$346,E$31,Participacion_Junta!$B$2:$B$346,$M43)>0,"○","?")))) | F43: =IF($A43="","",IF(F$31="","",IF(COUNTIFS(Votaciones!$A$2:$A$346,F$31,Votaciones!$B$2:$B$346,$M43)>0,IF(COUNTIFS(Votaciones!$A$2:$A$346,F$31,Votaciones!$B$2:$B$346,$M43,Votaciones!$D$2:$D$346,"Consenso")>0,"●",IF(COUNTIFS(Votaciones!$A$2:$A$346,F$31,Votaciones!$B$2:$B$346,$M43,Votaciones!$D$2:$D$346,"Disenso restrictivo")>0,"▲",IF(COUNTIFS(Votaciones!$A$2:$A$346,F$31,Votaciones!$B$2:$B$346,$M43,Votaciones!$D$2:$D$346,"Disenso acomodaticio")>0,"▼","?"))),IF(COUNTIFS(Participacion_Junta!$A$2:$A$346,F$31,Participacion_Junta!$B$2:$B$346,$M43)>0,"○","?")))) | G43: =IF($A43="","",IF(G$31="","",IF(COUNTIFS(Votaciones!$A$2:$A$346,G$31,Votaciones!$B$2:$B$346,$M43)>0,IF(COUNTIFS(Votaciones!$A$2:$A$346,G$31,Votaciones!$B$2:$B$346,$M43,Votaciones!$D$2:$D$346,"Consenso")>0,"●",IF(COUNTIFS(Votaciones!$A$2:$A$346,G$31,Votaciones!$B$2:$B$346,$M43,Votaciones!$D$2:$D$346,"Disenso restrictivo")>0,"▲",IF(COUNTIFS(Votaciones!$A$2:$A$346,G$31,Votaciones!$B$2:$B$346,$M43,Votaciones!$D$2:$D$346,"Disenso acomodaticio")>0,"▼","?"))),IF(COUNTIFS(Participacion_Junta!$A$2:$A$346,G$31,Participacion_Junta!$B$2:$B$346,$M43)>0,"○","?")))) | H43: =IF($A43="","",IF(H$31="","",IF(COUNTIFS(Votaciones!$A$2:$A$346,H$31,Votaciones!$B$2:$B$346,$M43)>0,IF(COUNTIFS(Votaciones!$A$2:$A$346,H$31,Votaciones!$B$2:$B$346,$M43,Votaciones!$D$2:$D$346,"Consenso")>0,"●",IF(COUNTIFS(Votaciones!$A$2:$A$346,H$31,Votaciones!$B$2:$B$346,$M43,Votaciones!$D$2:$D$346,"Disenso restrictivo")>0,"▲",IF(COUNTIFS(Votaciones!$A$2:$A$346,H$31,Votaciones!$B$2:$B$346,$M43,Votaciones!$D$2:$D$346,"Disenso acomodaticio")>0,"▼","?"))),IF(COUNTIFS(Participacion_Junta!$A$2:$A$346,H$31,Participacion_Junta!$B$2:$B$346,$M43)>0,"○","?")))) | I43: =IF($A43="","",IF(I$31="","",IF(COUNTIFS(Votaciones!$A$2:$A$346,I$31,Votaciones!$B$2:$B$346,$M43)>0,IF(COUNTIFS(Votaciones!$A$2:$A$346,I$31,Votaciones!$B$2:$B$346,$M43,Votaciones!$D$2:$D$346,"Consenso")>0,"●",IF(COUNTIFS(Votaciones!$A$2:$A$346,I$31,Votaciones!$B$2:$B$346,$M43,Votaciones!$D$2:$D$346,"Disenso restrictivo")>0,"▲",IF(COUNTIFS(Votaciones!$A$2:$A$346,I$31,Votaciones!$B$2:$B$346,$M43,Votaciones!$D$2:$D$346,"Disenso acomodaticio")>0,"▼","?"))),IF(COUNTIFS(Participacion_Junta!$A$2:$A$346,I$31,Participacion_Junta!$B$2:$B$346,$M43)>0,"○","?")))) | ... L43: =IF($A43="","",IF(L$31="","",IF(COUNTIFS(Votaciones!$A$2:$A$346,L$31,Votaciones!$B$2:$B$346,$M43)>0,IF(COUNTIFS(Votaciones!$A$2:$A$346,L$31,Votaciones!$B$2:$B$346,$M43,Votaciones!$D$2:$D$346,"Consenso")>0,"●",IF(COUNTIFS(Votaciones!$A$2:$A$346,L$31,Votaciones!$B$2:$B$346,$M43,Votaciones!$D$2:$D$346,"Disenso restrictivo")>0,"▲",IF(COUNTIFS(Votaciones!$A$2:$A$346,L$31,Votaciones!$B$2:$B$346,$M43,Votaciones!$D$2:$D$346,"Disenso acomodaticio")>0,"▼","?"))),IF(COUNTIFS(Participacion_Junta!$A$2:$A$346,L$31,Participacion_Junta!$B$2:$B$346,$M43)>0,"○","?")))) | M43: =IFERROR(INDEX($J$351:$J$586,MATCH($X$2,$A$351:$A$586,0)),"") | Z43: D20050128 | AA43: 38380
A44: =IF($M44="","",IFERROR(INDEX(Personas!$B$2:$B$30,MATCH($M44,Personas!$A$2:$A$30,0)),"?")) | B44: =IF($A44="","",IF(B$31="","",IF(COUNTIFS(Votaciones!$A$2:$A$346,B$31,Votaciones!$B$2:$B$346,$M44)>0,IF(COUNTIFS(Votaciones!$A$2:$A$346,B$31,Votaciones!$B$2:$B$346,$M44,Votaciones!$D$2:$D$346,"Consenso")>0,"●",IF(COUNTIFS(Votaciones!$A$2:$A$346,B$31,Votaciones!$B$2:$B$346,$M44,Votaciones!$D$2:$D$346,"Disenso restrictivo")>0,"▲",IF(COUNTIFS(Votaciones!$A$2:$A$346,B$31,Votaciones!$B$2:$B$346,$M44,Votaciones!$D$2:$D$346,"Disenso acomodaticio")>0,"▼","?"))),IF(COUNTIFS(Participacion_Junta!$A$2:$A$346,B$31,Participacion_Junta!$B$2:$B$346,$M44)>0,"○","?")))) | C44: =IF($A44="","",IF(C$31="","",IF(COUNTIFS(Votaciones!$A$2:$A$346,C$31,Votaciones!$B$2:$B$346,$M44)>0,IF(COUNTIFS(Votaciones!$A$2:$A$346,C$31,Votaciones!$B$2:$B$346,$M44,Votaciones!$D$2:$D$346,"Consenso")>0,"●",IF(COUNTIFS(Votaciones!$A$2:$A$346,C$31,Votaciones!$B$2:$B$346,$M44,Votaciones!$D$2:$D$346,"Disenso restrictivo")>0,"▲",IF(COUNTIFS(Votaciones!$A$2:$A$346,C$31,Votaciones!$B$2:$B$346,$M44,Votaciones!$D$2:$D$346,"Disenso acomodaticio")>0,"▼","?"))),IF(COUNTIFS(Participacion_Junta!$A$2:$A$346,C$31,Participacion_Junta!$B$2:$B$346,$M44)>0,"○","?")))) | D44: =IF($A44="","",IF(D$31="","",IF(COUNTIFS(Votaciones!$A$2:$A$346,D$31,Votaciones!$B$2:$B$346,$M44)>0,IF(COUNTIFS(Votaciones!$A$2:$A$346,D$31,Votaciones!$B$2:$B$346,$M44,Votaciones!$D$2:$D$346,"Consenso")>0,"●",IF(COUNTIFS(Votaciones!$A$2:$A$346,D$31,Votaciones!$B$2:$B$346,$M44,Votaciones!$D$2:$D$346,"Disenso restrictivo")>0,"▲",IF(COUNTIFS(Votaciones!$A$2:$A$346,D$31,Votaciones!$B$2:$B$346,$M44,Votaciones!$D$2:$D$346,"Disenso acomodaticio")>0,"▼","?"))),IF(COUNTIFS(Participacion_Junta!$A$2:$A$346,D$31,Participacion_Junta!$B$2:$B$346,$M44)>0,"○","?")))) | E44: =IF($A44="","",IF(E$31="","",IF(COUNTIFS(Votaciones!$A$2:$A$346,E$31,Votaciones!$B$2:$B$346,$M44)>0,IF(COUNTIFS(Votaciones!$A$2:$A$346,E$31,Votaciones!$B$2:$B$346,$M44,Votaciones!$D$2:$D$346,"Consenso")>0,"●",IF(COUNTIFS(Votaciones!$A$2:$A$346,E$31,Votaciones!$B$2:$B$346,$M44,Votaciones!$D$2:$D$346,"Disenso restrictivo")>0,"▲",IF(COUNTIFS(Votaciones!$A$2:$A$346,E$31,Votaciones!$B$2:$B$346,$M44,Votaciones!$D$2:$D$346,"Disenso acomodaticio")>0,"▼","?"))),IF(COUNTIFS(Participacion_Junta!$A$2:$A$346,E$31,Participacion_Junta!$B$2:$B$346,$M44)>0,"○","?")))) | F44: =IF($A44="","",IF(F$31="","",IF(COUNTIFS(Votaciones!$A$2:$A$346,F$31,Votaciones!$B$2:$B$346,$M44)>0,IF(COUNTIFS(Votaciones!$A$2:$A$346,F$31,Votaciones!$B$2:$B$346,$M44,Votaciones!$D$2:$D$346,"Consenso")>0,"●",IF(COUNTIFS(Votaciones!$A$2:$A$346,F$31,Votaciones!$B$2:$B$346,$M44,Votaciones!$D$2:$D$346,"Disenso restrictivo")>0,"▲",IF(COUNTIFS(Votaciones!$A$2:$A$346,F$31,Votaciones!$B$2:$B$346,$M44,Votaciones!$D$2:$D$346,"Disenso acomodaticio")>0,"▼","?"))),IF(COUNTIFS(Participacion_Junta!$A$2:$A$346,F$31,Participacion_Junta!$B$2:$B$346,$M44)>0,"○","?")))) | G44: =IF($A44="","",IF(G$31="","",IF(COUNTIFS(Votaciones!$A$2:$A$346,G$31,Votaciones!$B$2:$B$346,$M44)>0,IF(COUNTIFS(Votaciones!$A$2:$A$346,G$31,Votaciones!$B$2:$B$346,$M44,Votaciones!$D$2:$D$346,"Consenso")>0,"●",IF(COUNTIFS(Votaciones!$A$2:$A$346,G$31,Votaciones!$B$2:$B$346,$M44,Votaciones!$D$2:$D$346,"Disenso restrictivo")>0,"▲",IF(COUNTIFS(Votaciones!$A$2:$A$346,G$31,Votaciones!$B$2:$B$346,$M44,Votaciones!$D$2:$D$346,"Disenso acomodaticio")>0,"▼","?"))),IF(COUNTIFS(Participacion_Junta!$A$2:$A$346,G$31,Participacion_Junta!$B$2:$B$346,$M44)>0,"○","?")))) | H44: =IF($A44="","",IF(H$31="","",IF(COUNTIFS(Votaciones!$A$2:$A$346,H$31,Votaciones!$B$2:$B$346,$M44)>0,IF(COUNTIFS(Votaciones!$A$2:$A$346,H$31,Votaciones!$B$2:$B$346,$M44,Votaciones!$D$2:$D$346,"Consenso")>0,"●",IF(COUNTIFS(Votaciones!$A$2:$A$346,H$31,Votaciones!$B$2:$B$346,$M44,Votaciones!$D$2:$D$346,"Disenso restrictivo")>0,"▲",IF(COUNTIFS(Votaciones!$A$2:$A$346,H$31,Votaciones!$B$2:$B$346,$M44,Votaciones!$D$2:$D$346,"Disenso acomodaticio")>0,"▼","?"))),IF(COUNTIFS(Participacion_Junta!$A$2:$A$346,H$31,Participacion_Junta!$B$2:$B$346,$M44)>0,"○","?")))) | I44: =IF($A44="","",IF(I$31="","",IF(COUNTIFS(Votaciones!$A$2:$A$346,I$31,Votaciones!$B$2:$B$346,$M44)>0,IF(COUNTIFS(Votaciones!$A$2:$A$346,I$31,Votaciones!$B$2:$B$346,$M44,Votaciones!$D$2:$D$346,"Consenso")>0,"●",IF(COUNTIFS(Votaciones!$A$2:$A$346,I$31,Votaciones!$B$2:$B$346,$M44,Votaciones!$D$2:$D$346,"Disenso restrictivo")>0,"▲",IF(COUNTIFS(Votaciones!$A$2:$A$346,I$31,Votaciones!$B$2:$B$346,$M44,Votaciones!$D$2:$D$346,"Disenso acomodaticio")>0,"▼","?"))),IF(COUNTIFS(Participacion_Junta!$A$2:$A$346,I$31,Participacion_Junta!$B$2:$B$346,$M44)>0,"○","?")))) | ... L44: =IF($A44="","",IF(L$31="","",IF(COUNTIFS(Votaciones!$A$2:$A$346,L$31,Votaciones!$B$2:$B$346,$M44)>0,IF(COUNTIFS(Votaciones!$A$2:$A$346,L$31,Votaciones!$B$2:$B$346,$M44,Votaciones!$D$2:$D$346,"Consenso")>0,"●",IF(COUNTIFS(Votaciones!$A$2:$A$346,L$31,Votaciones!$B$2:$B$346,$M44,Votaciones!$D$2:$D$346,"Disenso restrictivo")>0,"▲",IF(COUNTIFS(Votaciones!$A$2:$A$346,L$31,Votaciones!$B$2:$B$346,$M44,Votaciones!$D$2:$D$346,"Disenso acomodaticio")>0,"▼","?"))),IF(COUNTIFS(Participacion_Junta!$A$2:$A$346,L$31,Participacion_Junta!$B$2:$B$346,$M44)>0,"○","?")))) | M44: =IFERROR(INDEX($K$351:$K$586,MATCH($X$2,$A$351:$A$586,0)),"") | Z44: D20050225 | AA44: 38408
Z45: D20050323 | AA45: 38434
A46: ● consenso ▲ disenso restrictivo ▼ disenso acomodaticio ○ presente sin voto identificable — fuera de la Junta ✕ ausencia documentada ? no verificable | Z46: D20050422 | AA46: 38464
Z47: D20050527 | AA47: 38499
A48: Estadísticas de votación hasta la decisión seleccionada | Z48: D20050624 | AA48: 38527
A49: Integrante | B49: Votos válidos | C49: % Disenso | D49: % Disenso restrictivo | E49: % Disenso acomodaticio | F49: Votos válidos (12m) | G49: % Disenso (12m) | H49: % Disenso restrictivo (12m) | I49: % Disenso acomodaticio (12m) | Z49: D20050722 | AA49: 38555
A50: =IF(OR($M35="",NOT(COUNTIFS(Participacion_Junta!$B$2:$B$346,$M35,Participacion_Junta!$A$2:$A$346,">="&"D"&TEXT(EDATE($E$22,-12),"yyyymmdd"),Participacion_Junta!$A$2:$A$346,"<="&$X$2,Participacion_Junta!$D$2:$D$346,"Presente")>0)),"",$A35) | B50: =IF($A50="","",COUNTIFS(Votaciones!$B$2:$B$346,$M35,Votaciones!$A$2:$A$346,"<="&$X$2,Votaciones!$E$2:$E$346,"Público")) | C50: =IF($A50="","",IFERROR((COUNTIFS(Votaciones!$B$2:$B$346,$M35,Votaciones!$A$2:$A$346,"<="&$X$2,Votaciones!$E$2:$E$346,"Público",Votaciones!$D$2:$D$346,"Disenso restrictivo")+COUNTIFS(Votaciones!$B$2:$B$346,$M35,Votaciones!$A$2:$A$346,"<="&$X$2,Votaciones!$E$2:$E$346,"Público",Votaciones!$D$2:$D$346,"Disenso acomodaticio"))/$B50,0)) | D50: =IF($A50="","",IFERROR(COUNTIFS(Votaciones!$B$2:$B$346,$M35,Votaciones!$A$2:$A$346,"<="&$X$2,Votaciones!$E$2:$E$346,"Público",Votaciones!$D$2:$D$346,"Disenso restrictivo")/$B50,0)) | E50: =IF($A50="","",IFERROR(COUNTIFS(Votaciones!$B$2:$B$346,$M35,Votaciones!$A$2:$A$346,"<="&$X$2,Votaciones!$E$2:$E$346,"Público",Votaciones!$D$2:$D$346,"Disenso acomodaticio")/$B50,0)) | F50: =IF($A50="","",COUNTIFS(Votaciones!$B$2:$B$346,$M35,Votaciones!$A$2:$A$346,">="&"D"&TEXT(EDATE($E$22,-12),"yyyymmdd"),Votaciones!$A$2:$A$346,"<="&$X$2,Votaciones!$E$2:$E$346,"Público")) | G50: =IF($A50="","",IFERROR((COUNTIFS(Votaciones!$B$2:$B$346,$M35,Votaciones!$A$2:$A$346,">="&"D"&TEXT(EDATE($E$22,-12),"yyyymmdd"),Votaciones!$A$2:$A$346,"<="&$X$2,Votaciones!$E$2:$E$346,"Público",Votaciones!$D$2:$D$346,"Disenso restrictivo")+COUNTIFS(Votaciones!$B$2:$B$346,$M35,Votaciones!$A$2:$A$346,">="&"D"&TEXT(EDATE($E$22,-12),"yyyymmdd"),Votaciones!$A$2:$A$346,"<="&$X$2,Votaciones!$E$2:$E$346,"Público",Votaciones!$D$2:$D$346,"Disenso acomodaticio"))/$F50,0)) | H50: =IF($A50="","",IFERROR(COUNTIFS(Votaciones!$B$2:$B$346,$M35,Votaciones!$A$2:$A$346,">="&"D"&TEXT(EDATE($E$22,-12),"yyyymmdd"),Votaciones!$A$2:$A$346,"<="&$X$2,Votaciones!$E$2:$E$346,"Público",Votaciones!$D$2:$D$346,"Disenso restrictivo")/$F50,0)) | I50: =IF($A50="","",IFERROR(COUNTIFS(Votaciones!$B$2:$B$346,$M35,Votaciones!$A$2:$A$346,">="&"D"&TEXT(EDATE($E$22,-12),"yyyymmdd"),Votaciones!$A$2:$A$346,"<="&$X$2,Votaciones!$E$2:$E$346,"Público",Votaciones!$D$2:$D$346,"Disenso acomodaticio")/$F50,0)) | Z50: D20050826 | AA50: 38590
A51: =IF(OR($M36="",NOT(COUNTIFS(Participacion_Junta!$B$2:$B$346,$M36,Participacion_Junta!$A$2:$A$346,">="&"D"&TEXT(EDATE($E$22,-12),"yyyymmdd"),Participacion_Junta!$A$2:$A$346,"<="&$X$2,Participacion_Junta!$D$2:$D$346,"Presente")>0)),"",$A36) | B51: =IF($A51="","",COUNTIFS(Votaciones!$B$2:$B$346,$M36,Votaciones!$A$2:$A$346,"<="&$X$2,Votaciones!$E$2:$E$346,"Público")) | C51: =IF($A51="","",IFERROR((COUNTIFS(Votaciones!$B$2:$B$346,$M36,Votaciones!$A$2:$A$346,"<="&$X$2,Votaciones!$E$2:$E$346,"Público",Votaciones!$D$2:$D$346,"Disenso restrictivo")+COUNTIFS(Votaciones!$B$2:$B$346,$M36,Votaciones!$A$2:$A$346,"<="&$X$2,Votaciones!$E$2:$E$346,"Público",Votaciones!$D$2:$D$346,"Disenso acomodaticio"))/$B51,0)) | D51: =IF($A51="","",IFERROR(COUNTIFS(Votaciones!$B$2:$B$346,$M36,Votaciones!$A$2:$A$346,"<="&$X$2,Votaciones!$E$2:$E$346,"Público",Votaciones!$D$2:$D$346,"Disenso restrictivo")/$B51,0)) | E51: =IF($A51="","",IFERROR(COUNTIFS(Votaciones!$B$2:$B$346,$M36,Votaciones!$A$2:$A$346,"<="&$X$2,Votaciones!$E$2:$E$346,"Público",Votaciones!$D$2:$D$346,"Disenso acomodaticio")/$B51,0)) | F51: =IF($A51="","",COUNTIFS(Votaciones!$B$2:$B$346,$M36,Votaciones!$A$2:$A$346,">="&"D"&TEXT(EDATE($E$22,-12),"yyyymmdd"),Votaciones!$A$2:$A$346,"<="&$X$2,Votaciones!$E$2:$E$346,"Público")) | G51: =IF($A51="","",IFERROR((COUNTIFS(Votaciones!$B$2:$B$346,$M36,Votaciones!$A$2:$A$346,">="&"D"&TEXT(EDATE($E$22,-12),"yyyymmdd"),Votaciones!$A$2:$A$346,"<="&$X$2,Votaciones!$E$2:$E$346,"Público",Votaciones!$D$2:$D$346,"Disenso restrictivo")+COUNTIFS(Votaciones!$B$2:$B$346,$M36,Votaciones!$A$2:$A$346,">="&"D"&TEXT(EDATE($E$22,-12),"yyyymmdd"),Votaciones!$A$2:$A$346,"<="&$X$2,Votaciones!$E$2:$E$346,"Público",Votaciones!$D$2:$D$346,"Disenso acomodaticio"))/$F51,0)) | H51: =IF($A51="","",IFERROR(COUNTIFS(Votaciones!$B$2:$B$346,$M36,Votaciones!$A$2:$A$346,">="&"D"&TEXT(EDATE($E$22,-12),"yyyymmdd"),Votaciones!$A$2:$A$346,"<="&$X$2,Votaciones!$E$2:$E$346,"Público",Votaciones!$D$2:$D$346,"Disenso restrictivo")/$F51,0)) | I51: =IF($A51="","",IFERROR(COUNTIFS(Votaciones!$B$2:$B$346,$M36,Votaciones!$A$2:$A$346,">="&"D"&TEXT(EDATE($E$22,-12),"yyyymmdd"),Votaciones!$A$2:$A$346,"<="&$X$2,Votaciones!$E$2:$E$346,"Público",Votaciones!$D$2:$D$346,"Disenso acomodaticio")/$F51,0)) | Z51: D20050923 | AA51: 38618
A52: =IF(OR($M37="",NOT(COUNTIFS(Participacion_Junta!$B$2:$B$346,$M37,Participacion_Junta!$A$2:$A$346,">="&"D"&TEXT(EDATE($E$22,-12),"yyyymmdd"),Participacion_Junta!$A$2:$A$346,"<="&$X$2,Participacion_Junta!$D$2:$D$346,"Presente")>0)),"",$A37) | B52: =IF($A52="","",COUNTIFS(Votaciones!$B$2:$B$346,$M37,Votaciones!$A$2:$A$346,"<="&$X$2,Votaciones!$E$2:$E$346,"Público")) | C52: =IF($A52="","",IFERROR((COUNTIFS(Votaciones!$B$2:$B$346,$M37,Votaciones!$A$2:$A$346,"<="&$X$2,Votaciones!$E$2:$E$346,"Público",Votaciones!$D$2:$D$346,"Disenso restrictivo")+COUNTIFS(Votaciones!$B$2:$B$346,$M37,Votaciones!$A$2:$A$346,"<="&$X$2,Votaciones!$E$2:$E$346,"Público",Votaciones!$D$2:$D$346,"Disenso acomodaticio"))/$B52,0)) | D52: =IF($A52="","",IFERROR(COUNTIFS(Votaciones!$B$2:$B$346,$M37,Votaciones!$A$2:$A$346,"<="&$X$2,Votaciones!$E$2:$E$346,"Público",Votaciones!$D$2:$D$346,"Disenso restrictivo")/$B52,0)) | E52: =IF($A52="","",IFERROR(COUNTIFS(Votaciones!$B$2:$B$346,$M37,Votaciones!$A$2:$A$346,"<="&$X$2,Votaciones!$E$2:$E$346,"Público",Votaciones!$D$2:$D$346,"Disenso acomodaticio")/$B52,0)) | F52: =IF($A52="","",COUNTIFS(Votaciones!$B$2:$B$346,$M37,Votaciones!$A$2:$A$346,">="&"D"&TEXT(EDATE($E$22,-12),"yyyymmdd"),Votaciones!$A$2:$A$346,"<="&$X$2,Votaciones!$E$2:$E$346,"Público")) | G52: =IF($A52="","",IFERROR((COUNTIFS(Votaciones!$B$2:$B$346,$M37,Votaciones!$A$2:$A$346,">="&"D"&TEXT(EDATE($E$22,-12),"yyyymmdd"),Votaciones!$A$2:$A$346,"<="&$X$2,Votaciones!$E$2:$E$346,"Público",Votaciones!$D$2:$D$346,"Disenso restrictivo")+COUNTIFS(Votaciones!$B$2:$B$346,$M37,Votaciones!$A$2:$A$346,">="&"D"&TEXT(EDATE($E$22,-12),"yyyymmdd"),Votaciones!$A$2:$A$346,"<="&$X$2,Votaciones!$E$2:$E$346,"Público",Votaciones!$D$2:$D$346,"Disenso acomodaticio"))/$F52,0)) | H52: =IF($A52="","",IFERROR(COUNTIFS(Votaciones!$B$2:$B$346,$M37,Votaciones!$A$2:$A$346,">="&"D"&TEXT(EDATE($E$22,-12),"yyyymmdd"),Votaciones!$A$2:$A$346,"<="&$X$2,Votaciones!$E$2:$E$346,"Público",Votaciones!$D$2:$D$346,"Disenso restrictivo")/$F52,0)) | I52: =IF($A52="","",IFERROR(COUNTIFS(Votaciones!$B$2:$B$346,$M37,Votaciones!$A$2:$A$346,">="&"D"&TEXT(EDATE($E$22,-12),"yyyymmdd"),Votaciones!$A$2:$A$346,"<="&$X$2,Votaciones!$E$2:$E$346,"Público",Votaciones!$D$2:$D$346,"Disenso acomodaticio")/$F52,0)) | Z52: D20051028 | AA52: 38653
A53: =IF(OR($M38="",NOT(COUNTIFS(Participacion_Junta!$B$2:$B$346,$M38,Participacion_Junta!$A$2:$A$346,">="&"D"&TEXT(EDATE($E$22,-12),"yyyymmdd"),Participacion_Junta!$A$2:$A$346,"<="&$X$2,Participacion_Junta!$D$2:$D$346,"Presente")>0)),"",$A38) | B53: =IF($A53="","",COUNTIFS(Votaciones!$B$2:$B$346,$M38,Votaciones!$A$2:$A$346,"<="&$X$2,Votaciones!$E$2:$E$346,"Público")) | C53: =IF($A53="","",IFERROR((COUNTIFS(Votaciones!$B$2:$B$346,$M38,Votaciones!$A$2:$A$346,"<="&$X$2,Votaciones!$E$2:$E$346,"Público",Votaciones!$D$2:$D$346,"Disenso restrictivo")+COUNTIFS(Votaciones!$B$2:$B$346,$M38,Votaciones!$A$2:$A$346,"<="&$X$2,Votaciones!$E$2:$E$346,"Público",Votaciones!$D$2:$D$346,"Disenso acomodaticio"))/$B53,0)) | D53: =IF($A53="","",IFERROR(COUNTIFS(Votaciones!$B$2:$B$346,$M38,Votaciones!$A$2:$A$346,"<="&$X$2,Votaciones!$E$2:$E$346,"Público",Votaciones!$D$2:$D$346,"Disenso restrictivo")/$B53,0)) | E53: =IF($A53="","",IFERROR(COUNTIFS(Votaciones!$B$2:$B$346,$M38,Votaciones!$A$2:$A$346,"<="&$X$2,Votaciones!$E$2:$E$346,"Público",Votaciones!$D$2:$D$346,"Disenso acomodaticio")/$B53,0)) | F53: =IF($A53="","",COUNTIFS(Votaciones!$B$2:$B$346,$M38,Votaciones!$A$2:$A$346,">="&"D"&TEXT(EDATE($E$22,-12),"yyyymmdd"),Votaciones!$A$2:$A$346,"<="&$X$2,Votaciones!$E$2:$E$346,"Público")) | G53: =IF($A53="","",IFERROR((COUNTIFS(Votaciones!$B$2:$B$346,$M38,Votaciones!$A$2:$A$346,">="&"D"&TEXT(EDATE($E$22,-12),"yyyymmdd"),Votaciones!$A$2:$A$346,"<="&$X$2,Votaciones!$E$2:$E$346,"Público",Votaciones!$D$2:$D$346,"Disenso restrictivo")+COUNTIFS(Votaciones!$B$2:$B$346,$M38,Votaciones!$A$2:$A$346,">="&"D"&TEXT(EDATE($E$22,-12),"yyyymmdd"),Votaciones!$A$2:$A$346,"<="&$X$2,Votaciones!$E$2:$E$346,"Público",Votaciones!$D$2:$D$346,"Disenso acomodaticio"))/$F53,0)) | H53: =IF($A53="","",IFERROR(COUNTIFS(Votaciones!$B$2:$B$346,$M38,Votaciones!$A$2:$A$346,">="&"D"&TEXT(EDATE($E$22,-12),"yyyymmdd"),Votaciones!$A$2:$A$346,"<="&$X$2,Votaciones!$E$2:$E$346,"Público",Votaciones!$D$2:$D$346,"Disenso restrictivo")/$F53,0)) | I53: =IF($A53="","",IFERROR(COUNTIFS(Votaciones!$B$2:$B$346,$M38,Votaciones!$A$2:$A$346,">="&"D"&TEXT(EDATE($E$22,-12),"yyyymmdd"),Votaciones!$A$2:$A$346,"<="&$X$2,Votaciones!$E$2:$E$346,"Público",Votaciones!$D$2:$D$346,"Disenso acomodaticio")/$F53,0)) | Z53: D20051125 | AA53: 38681
A54: =IF(OR($M39="",NOT(COUNTIFS(Participacion_Junta!$B$2:$B$346,$M39,Participacion_Junta!$A$2:$A$346,">="&"D"&TEXT(EDATE($E$22,-12),"yyyymmdd"),Participacion_Junta!$A$2:$A$346,"<="&$X$2,Participacion_Junta!$D$2:$D$346,"Presente")>0)),"",$A39) | B54: =IF($A54="","",COUNTIFS(Votaciones!$B$2:$B$346,$M39,Votaciones!$A$2:$A$346,"<="&$X$2,Votaciones!$E$2:$E$346,"Público")) | C54: =IF($A54="","",IFERROR((COUNTIFS(Votaciones!$B$2:$B$346,$M39,Votaciones!$A$2:$A$346,"<="&$X$2,Votaciones!$E$2:$E$346,"Público",Votaciones!$D$2:$D$346,"Disenso restrictivo")+COUNTIFS(Votaciones!$B$2:$B$346,$M39,Votaciones!$A$2:$A$346,"<="&$X$2,Votaciones!$E$2:$E$346,"Público",Votaciones!$D$2:$D$346,"Disenso acomodaticio"))/$B54,0)) | D54: =IF($A54="","",IFERROR(COUNTIFS(Votaciones!$B$2:$B$346,$M39,Votaciones!$A$2:$A$346,"<="&$X$2,Votaciones!$E$2:$E$346,"Público",Votaciones!$D$2:$D$346,"Disenso restrictivo")/$B54,0)) | E54: =IF($A54="","",IFERROR(COUNTIFS(Votaciones!$B$2:$B$346,$M39,Votaciones!$A$2:$A$346,"<="&$X$2,Votaciones!$E$2:$E$346,"Público",Votaciones!$D$2:$D$346,"Disenso acomodaticio")/$B54,0)) | F54: =IF($A54="","",COUNTIFS(Votaciones!$B$2:$B$346,$M39,Votaciones!$A$2:$A$346,">="&"D"&TEXT(EDATE($E$22,-12),"yyyymmdd"),Votaciones!$A$2:$A$346,"<="&$X$2,Votaciones!$E$2:$E$346,"Público")) | G54: =IF($A54="","",IFERROR((COUNTIFS(Votaciones!$B$2:$B$346,$M39,Votaciones!$A$2:$A$346,">="&"D"&TEXT(EDATE($E$22,-12),"yyyymmdd"),Votaciones!$A$2:$A$346,"<="&$X$2,Votaciones!$E$2:$E$346,"Público",Votaciones!$D$2:$D$346,"Disenso restrictivo")+COUNTIFS(Votaciones!$B$2:$B$346,$M39,Votaciones!$A$2:$A$346,">="&"D"&TEXT(EDATE($E$22,-12),"yyyymmdd"),Votaciones!$A$2:$A$346,"<="&$X$2,Votaciones!$E$2:$E$346,"Público",Votaciones!$D$2:$D$346,"Disenso acomodaticio"))/$F54,0)) | H54: =IF($A54="","",IFERROR(COUNTIFS(Votaciones!$B$2:$B$346,$M39,Votaciones!$A$2:$A$346,">="&"D"&TEXT(EDATE($E$22,-12),"yyyymmdd"),Votaciones!$A$2:$A$346,"<="&$X$2,Votaciones!$E$2:$E$346,"Público",Votaciones!$D$2:$D$346,"Disenso restrictivo")/$F54,0)) | I54: =IF($A54="","",IFERROR(COUNTIFS(Votaciones!$B$2:$B$346,$M39,Votaciones!$A$2:$A$346,">="&"D"&TEXT(EDATE($E$22,-12),"yyyymmdd"),Votaciones!$A$2:$A$346,"<="&$X$2,Votaciones!$E$2:$E$346,"Público",Votaciones!$D$2:$D$346,"Disenso acomodaticio")/$F54,0)) | Z54: D20051209 | AA54: 38695
A55: =IF(OR($M40="",NOT(COUNTIFS(Participacion_Junta!$B$2:$B$346,$M40,Participacion_Junta!$A$2:$A$346,">="&"D"&TEXT(EDATE($E$22,-12),"yyyymmdd"),Participacion_Junta!$A$2:$A$346,"<="&$X$2,Participacion_Junta!$D$2:$D$346,"Presente")>0)),"",$A40) | B55: =IF($A55="","",COUNTIFS(Votaciones!$B$2:$B$346,$M40,Votaciones!$A$2:$A$346,"<="&$X$2,Votaciones!$E$2:$E$346,"Público")) | C55: =IF($A55="","",IFERROR((COUNTIFS(Votaciones!$B$2:$B$346,$M40,Votaciones!$A$2:$A$346,"<="&$X$2,Votaciones!$E$2:$E$346,"Público",Votaciones!$D$2:$D$346,"Disenso restrictivo")+COUNTIFS(Votaciones!$B$2:$B$346,$M40,Votaciones!$A$2:$A$346,"<="&$X$2,Votaciones!$E$2:$E$346,"Público",Votaciones!$D$2:$D$346,"Disenso acomodaticio"))/$B55,0)) | D55: =IF($A55="","",IFERROR(COUNTIFS(Votaciones!$B$2:$B$346,$M40,Votaciones!$A$2:$A$346,"<="&$X$2,Votaciones!$E$2:$E$346,"Público",Votaciones!$D$2:$D$346,"Disenso restrictivo")/$B55,0)) | E55: =IF($A55="","",IFERROR(COUNTIFS(Votaciones!$B$2:$B$346,$M40,Votaciones!$A$2:$A$346,"<="&$X$2,Votaciones!$E$2:$E$346,"Público",Votaciones!$D$2:$D$346,"Disenso acomodaticio")/$B55,0)) | F55: =IF($A55="","",COUNTIFS(Votaciones!$B$2:$B$346,$M40,Votaciones!$A$2:$A$346,">="&"D"&TEXT(EDATE($E$22,-12),"yyyymmdd"),Votaciones!$A$2:$A$346,"<="&$X$2,Votaciones!$E$2:$E$346,"Público")) | G55: =IF($A55="","",IFERROR((COUNTIFS(Votaciones!$B$2:$B$346,$M40,Votaciones!$A$2:$A$346,">="&"D"&TEXT(EDATE($E$22,-12),"yyyymmdd"),Votaciones!$A$2:$A$346,"<="&$X$2,Votaciones!$E$2:$E$346,"Público",Votaciones!$D$2:$D$346,"Disenso restrictivo")+COUNTIFS(Votaciones!$B$2:$B$346,$M40,Votaciones!$A$2:$A$346,">="&"D"&TEXT(EDATE($E$22,-12),"yyyymmdd"),Votaciones!$A$2:$A$346,"<="&$X$2,Votaciones!$E$2:$E$346,"Público",Votaciones!$D$2:$D$346,"Disenso acomodaticio"))/$F55,0)) | H55: =IF($A55="","",IFERROR(COUNTIFS(Votaciones!$B$2:$B$346,$M40,Votaciones!$A$2:$A$346,">="&"D"&TEXT(EDATE($E$22,-12),"yyyymmdd"),Votaciones!$A$2:$A$346,"<="&$X$2,Votaciones!$E$2:$E$346,"Público",Votaciones!$D$2:$D$346,"Disenso restrictivo")/$F55,0)) | I55: =IF($A55="","",IFERROR(COUNTIFS(Votaciones!$B$2:$B$346,$M40,Votaciones!$A$2:$A$346,">="&"D"&TEXT(EDATE($E$22,-12),"yyyymmdd"),Votaciones!$A$2:$A$346,"<="&$X$2,Votaciones!$E$2:$E$346,"Público",Votaciones!$D$2:$D$346,"Disenso acomodaticio")/$F55,0)) | Z55: D20060127 | AA55: 38744
A56: =IF(OR($M41="",NOT(COUNTIFS(Participacion_Junta!$B$2:$B$346,$M41,Participacion_Junta!$A$2:$A$346,">="&"D"&TEXT(EDATE($E$22,-12),"yyyymmdd"),Participacion_Junta!$A$2:$A$346,"<="&$X$2,Participacion_Junta!$D$2:$D$346,"Presente")>0)),"",$A41) | B56: =IF($A56="","",COUNTIFS(Votaciones!$B$2:$B$346,$M41,Votaciones!$A$2:$A$346,"<="&$X$2,Votaciones!$E$2:$E$346,"Público")) | C56: =IF($A56="","",IFERROR((COUNTIFS(Votaciones!$B$2:$B$346,$M41,Votaciones!$A$2:$A$346,"<="&$X$2,Votaciones!$E$2:$E$346,"Público",Votaciones!$D$2:$D$346,"Disenso restrictivo")+COUNTIFS(Votaciones!$B$2:$B$346,$M41,Votaciones!$A$2:$A$346,"<="&$X$2,Votaciones!$E$2:$E$346,"Público",Votaciones!$D$2:$D$346,"Disenso acomodaticio"))/$B56,0)) | D56: =IF($A56="","",IFERROR(COUNTIFS(Votaciones!$B$2:$B$346,$M41,Votaciones!$A$2:$A$346,"<="&$X$2,Votaciones!$E$2:$E$346,"Público",Votaciones!$D$2:$D$346,"Disenso restrictivo")/$B56,0)) | E56: =IF($A56="","",IFERROR(COUNTIFS(Votaciones!$B$2:$B$346,$M41,Votaciones!$A$2:$A$346,"<="&$X$2,Votaciones!$E$2:$E$346,"Público",Votaciones!$D$2:$D$346,"Disenso acomodaticio")/$B56,0)) | F56: =IF($A56="","",COUNTIFS(Votaciones!$B$2:$B$346,$M41,Votaciones!$A$2:$A$346,">="&"D"&TEXT(EDATE($E$22,-12),"yyyymmdd"),Votaciones!$A$2:$A$346,"<="&$X$2,Votaciones!$E$2:$E$346,"Público")) | G56: =IF($A56="","",IFERROR((COUNTIFS(Votaciones!$B$2:$B$346,$M41,Votaciones!$A$2:$A$346,">="&"D"&TEXT(EDATE($E$22,-12),"yyyymmdd"),Votaciones!$A$2:$A$346,"<="&$X$2,Votaciones!$E$2:$E$346,"Público",Votaciones!$D$2:$D$346,"Disenso restrictivo")+COUNTIFS(Votaciones!$B$2:$B$346,$M41,Votaciones!$A$2:$A$346,">="&"D"&TEXT(EDATE($E$22,-12),"yyyymmdd"),Votaciones!$A$2:$A$346,"<="&$X$2,Votaciones!$E$2:$E$346,"Público",Votaciones!$D$2:$D$346,"Disenso acomodaticio"))/$F56,0)) | H56: =IF($A56="","",IFERROR(COUNTIFS(Votaciones!$B$2:$B$346,$M41,Votaciones!$A$2:$A$346,">="&"D"&TEXT(EDATE($E$22,-12),"yyyymmdd"),Votaciones!$A$2:$A$346,"<="&$X$2,Votaciones!$E$2:$E$346,"Público",Votaciones!$D$2:$D$346,"Disenso restrictivo")/$F56,0)) | I56: =IF($A56="","",IFERROR(COUNTIFS(Votaciones!$B$2:$B$346,$M41,Votaciones!$A$2:$A$346,">="&"D"&TEXT(EDATE($E$22,-12),"yyyymmdd"),Votaciones!$A$2:$A$346,"<="&$X$2,Votaciones!$E$2:$E$346,"Público",Votaciones!$D$2:$D$346,"Disenso acomodaticio")/$F56,0)) | Z56: D20060224 | AA56: 38772
A57: =IF(OR($M42="",NOT(COUNTIFS(Participacion_Junta!$B$2:$B$346,$M42,Participacion_Junta!$A$2:$A$346,">="&"D"&TEXT(EDATE($E$22,-12),"yyyymmdd"),Participacion_Junta!$A$2:$A$346,"<="&$X$2,Participacion_Junta!$D$2:$D$346,"Presente")>0)),"",$A42) | B57: =IF($A57="","",COUNTIFS(Votaciones!$B$2:$B$346,$M42,Votaciones!$A$2:$A$346,"<="&$X$2,Votaciones!$E$2:$E$346,"Público")) | C57: =IF($A57="","",IFERROR((COUNTIFS(Votaciones!$B$2:$B$346,$M42,Votaciones!$A$2:$A$346,"<="&$X$2,Votaciones!$E$2:$E$346,"Público",Votaciones!$D$2:$D$346,"Disenso restrictivo")+COUNTIFS(Votaciones!$B$2:$B$346,$M42,Votaciones!$A$2:$A$346,"<="&$X$2,Votaciones!$E$2:$E$346,"Público",Votaciones!$D$2:$D$346,"Disenso acomodaticio"))/$B57,0)) | D57: =IF($A57="","",IFERROR(COUNTIFS(Votaciones!$B$2:$B$346,$M42,Votaciones!$A$2:$A$346,"<="&$X$2,Votaciones!$E$2:$E$346,"Público",Votaciones!$D$2:$D$346,"Disenso restrictivo")/$B57,0)) | E57: =IF($A57="","",IFERROR(COUNTIFS(Votaciones!$B$2:$B$346,$M42,Votaciones!$A$2:$A$346,"<="&$X$2,Votaciones!$E$2:$E$346,"Público",Votaciones!$D$2:$D$346,"Disenso acomodaticio")/$B57,0)) | F57: =IF($A57="","",COUNTIFS(Votaciones!$B$2:$B$346,$M42,Votaciones!$A$2:$A$346,">="&"D"&TEXT(EDATE($E$22,-12),"yyyymmdd"),Votaciones!$A$2:$A$346,"<="&$X$2,Votaciones!$E$2:$E$346,"Público")) | G57: =IF($A57="","",IFERROR((COUNTIFS(Votaciones!$B$2:$B$346,$M42,Votaciones!$A$2:$A$346,">="&"D"&TEXT(EDATE($E$22,-12),"yyyymmdd"),Votaciones!$A$2:$A$346,"<="&$X$2,Votaciones!$E$2:$E$346,"Público",Votaciones!$D$2:$D$346,"Disenso restrictivo")+COUNTIFS(Votaciones!$B$2:$B$346,$M42,Votaciones!$A$2:$A$346,">="&"D"&TEXT(EDATE($E$22,-12),"yyyymmdd"),Votaciones!$A$2:$A$346,"<="&$X$2,Votaciones!$E$2:$E$346,"Público",Votaciones!$D$2:$D$346,"Disenso acomodaticio"))/$F57,0)) | H57: =IF($A57="","",IFERROR(COUNTIFS(Votaciones!$B$2:$B$346,$M42,Votaciones!$A$2:$A$346,">="&"D"&TEXT(EDATE($E$22,-12),"yyyymmdd"),Votaciones!$A$2:$A$346,"<="&$X$2,Votaciones!$E$2:$E$346,"Público",Votaciones!$D$2:$D$346,"Disenso restrictivo")/$F57,0)) | I57: =IF($A57="","",IFERROR(COUNTIFS(Votaciones!$B$2:$B$346,$M42,Votaciones!$A$2:$A$346,">="&"D"&TEXT(EDATE($E$22,-12),"yyyymmdd"),Votaciones!$A$2:$A$346,"<="&$X$2,Votaciones!$E$2:$E$346,"Público",Votaciones!$D$2:$D$346,"Disenso acomodaticio")/$F57,0)) | Z57: D20060324 | AA57: 38800
A58: =IF(OR($M43="",NOT(COUNTIFS(Participacion_Junta!$B$2:$B$346,$M43,Participacion_Junta!$A$2:$A$346,">="&"D"&TEXT(EDATE($E$22,-12),"yyyymmdd"),Participacion_Junta!$A$2:$A$346,"<="&$X$2,Participacion_Junta!$D$2:$D$346,"Presente")>0)),"",$A43) | B58: =IF($A58="","",COUNTIFS(Votaciones!$B$2:$B$346,$M43,Votaciones!$A$2:$A$346,"<="&$X$2,Votaciones!$E$2:$E$346,"Público")) | C58: =IF($A58="","",IFERROR((COUNTIFS(Votaciones!$B$2:$B$346,$M43,Votaciones!$A$2:$A$346,"<="&$X$2,Votaciones!$E$2:$E$346,"Público",Votaciones!$D$2:$D$346,"Disenso restrictivo")+COUNTIFS(Votaciones!$B$2:$B$346,$M43,Votaciones!$A$2:$A$346,"<="&$X$2,Votaciones!$E$2:$E$346,"Público",Votaciones!$D$2:$D$346,"Disenso acomodaticio"))/$B58,0)) | D58: =IF($A58="","",IFERROR(COUNTIFS(Votaciones!$B$2:$B$346,$M43,Votaciones!$A$2:$A$346,"<="&$X$2,Votaciones!$E$2:$E$346,"Público",Votaciones!$D$2:$D$346,"Disenso restrictivo")/$B58,0)) | E58: =IF($A58="","",IFERROR(COUNTIFS(Votaciones!$B$2:$B$346,$M43,Votaciones!$A$2:$A$346,"<="&$X$2,Votaciones!$E$2:$E$346,"Público",Votaciones!$D$2:$D$346,"Disenso acomodaticio")/$B58,0)) | F58: =IF($A58="","",COUNTIFS(Votaciones!$B$2:$B$346,$M43,Votaciones!$A$2:$A$346,">="&"D"&TEXT(EDATE($E$22,-12),"yyyymmdd"),Votaciones!$A$2:$A$346,"<="&$X$2,Votaciones!$E$2:$E$346,"Público")) | G58: =IF($A58="","",IFERROR((COUNTIFS(Votaciones!$B$2:$B$346,$M43,Votaciones!$A$2:$A$346,">="&"D"&TEXT(EDATE($E$22,-12),"yyyymmdd"),Votaciones!$A$2:$A$346,"<="&$X$2,Votaciones!$E$2:$E$346,"Público",Votaciones!$D$2:$D$346,"Disenso restrictivo")+COUNTIFS(Votaciones!$B$2:$B$346,$M43,Votaciones!$A$2:$A$346,">="&"D"&TEXT(EDATE($E$22,-12),"yyyymmdd"),Votaciones!$A$2:$A$346,"<="&$X$2,Votaciones!$E$2:$E$346,"Público",Votaciones!$D$2:$D$346,"Disenso acomodaticio"))/$F58,0)) | H58: =IF($A58="","",IFERROR(COUNTIFS(Votaciones!$B$2:$B$346,$M43,Votaciones!$A$2:$A$346,">="&"D"&TEXT(EDATE($E$22,-12),"yyyymmdd"),Votaciones!$A$2:$A$346,"<="&$X$2,Votaciones!$E$2:$E$346,"Público",Votaciones!$D$2:$D$346,"Disenso restrictivo")/$F58,0)) | I58: =IF($A58="","",IFERROR(COUNTIFS(Votaciones!$B$2:$B$346,$M43,Votaciones!$A$2:$A$346,">="&"D"&TEXT(EDATE($E$22,-12),"yyyymmdd"),Votaciones!$A$2:$A$346,"<="&$X$2,Votaciones!$E$2:$E$346,"Público",Votaciones!$D$2:$D$346,"Disenso acomodaticio")/$F58,0)) | Z58: D20060421 | AA58: 38828
A59: =IF(OR($M44="",NOT(COUNTIFS(Participacion_Junta!$B$2:$B$346,$M44,Participacion_Junta!$A$2:$A$346,">="&"D"&TEXT(EDATE($E$22,-12),"yyyymmdd"),Participacion_Junta!$A$2:$A$346,"<="&$X$2,Participacion_Junta!$D$2:$D$346,"Presente")>0)),"",$A44) | B59: =IF($A59="","",COUNTIFS(Votaciones!$B$2:$B$346,$M44,Votaciones!$A$2:$A$346,"<="&$X$2,Votaciones!$E$2:$E$346,"Público")) | C59: =IF($A59="","",IFERROR((COUNTIFS(Votaciones!$B$2:$B$346,$M44,Votaciones!$A$2:$A$346,"<="&$X$2,Votaciones!$E$2:$E$346,"Público",Votaciones!$D$2:$D$346,"Disenso restrictivo")+COUNTIFS(Votaciones!$B$2:$B$346,$M44,Votaciones!$A$2:$A$346,"<="&$X$2,Votaciones!$E$2:$E$346,"Público",Votaciones!$D$2:$D$346,"Disenso acomodaticio"))/$B59,0)) | D59: =IF($A59="","",IFERROR(COUNTIFS(Votaciones!$B$2:$B$346,$M44,Votaciones!$A$2:$A$346,"<="&$X$2,Votaciones!$E$2:$E$346,"Público",Votaciones!$D$2:$D$346,"Disenso restrictivo")/$B59,0)) | E59: =IF($A59="","",IFERROR(COUNTIFS(Votaciones!$B$2:$B$346,$M44,Votaciones!$A$2:$A$346,"<="&$X$2,Votaciones!$E$2:$E$346,"Público",Votaciones!$D$2:$D$346,"Disenso acomodaticio")/$B59,0)) | F59: =IF($A59="","",COUNTIFS(Votaciones!$B$2:$B$346,$M44,Votaciones!$A$2:$A$346,">="&"D"&TEXT(EDATE($E$22,-12),"yyyymmdd"),Votaciones!$A$2:$A$346,"<="&$X$2,Votaciones!$E$2:$E$346,"Público")) | G59: =IF($A59="","",IFERROR((COUNTIFS(Votaciones!$B$2:$B$346,$M44,Votaciones!$A$2:$A$346,">="&"D"&TEXT(EDATE($E$22,-12),"yyyymmdd"),Votaciones!$A$2:$A$346,"<="&$X$2,Votaciones!$E$2:$E$346,"Público",Votaciones!$D$2:$D$346,"Disenso restrictivo")+COUNTIFS(Votaciones!$B$2:$B$346,$M44,Votaciones!$A$2:$A$346,">="&"D"&TEXT(EDATE($E$22,-12),"yyyymmdd"),Votaciones!$A$2:$A$346,"<="&$X$2,Votaciones!$E$2:$E$346,"Público",Votaciones!$D$2:$D$346,"Disenso acomodaticio"))/$F59,0)) | H59: =IF($A59="","",IFERROR(COUNTIFS(Votaciones!$B$2:$B$346,$M44,Votaciones!$A$2:$A$346,">="&"D"&TEXT(EDATE($E$22,-12),"yyyymmdd"),Votaciones!$A$2:$A$346,"<="&$X$2,Votaciones!$E$2:$E$346,"Público",Votaciones!$D$2:$D$346,"Disenso restrictivo")/$F59,0)) | I59: =IF($A59="","",IFERROR(COUNTIFS(Votaciones!$B$2:$B$346,$M44,Votaciones!$A$2:$A$346,">="&"D"&TEXT(EDATE($E$22,-12),"yyyymmdd"),Votaciones!$A$2:$A$346,"<="&$X$2,Votaciones!$E$2:$E$346,"Público",Votaciones!$D$2:$D$346,"Disenso acomodaticio")/$F59,0)) | Z59: D20060526 | AA59: 38863
Z60: D20060623 | AA60: 38891
Z61: D20060728 | AA61: 38926
Z62: D20060825 | AA62: 38954
Z63: D20060922 | AA63: 38982
Z64: D20061027 | AA64: 39017
Z65: D20061124 | AA65: 39045
Z66: D20061208 | AA66: 39059
Z67: D20070126 | AA67: 39108
Z68: D20070223 | AA68: 39136
Z69: D20070323 | AA69: 39164
Z70: D20070427 | AA70: 39199
Z71: D20070525 | AA71: 39227
... Z79: D20080118 | AA79: 39465
A80: Fecha | B80: Tasa objetivo | C80: Disensos | Z80: D20080215 | AA80: 39493
A81: =TEXT(Decisiones!B80,"yyyy-mm") -> 2008-02 | B81: =Decisiones!H80 -> 7.5 | C81: =IF(Decisiones!K80="",0,Decisiones!K80) -> 0 | Z81: D20080314 | AA81: 39521
A82: =TEXT(Decisiones!B81,"yyyy-mm") -> 2008-03 | B82: =Decisiones!H81 -> 7.5 | C82: =IF(Decisiones!K81="",0,Decisiones!K81) -> 0 | Z82: D20080418 | AA82: 39556
A83: =TEXT(Decisiones!B82,"yyyy-mm") -> 2008-04 | B83: =Decisiones!H82 -> 7.5 | C83: =IF(Decisiones!K82="",0,Decisiones!K82) -> 0 | Z83: D20080516 | AA83: 39584
A84: =TEXT(Decisiones!B83,"yyyy-mm") -> 2008-05 | B84: =Decisiones!H83 -> 7.5 | C84: =IF(Decisiones!K83="",0,Decisiones!K83) -> 0 | Z84: D20080620 | AA84: 39619
A85: =TEXT(Decisiones!B84,"yyyy-mm") -> 2008-06 | B85: =Decisiones!H84 -> 7.75 | C85: =IF(Decisiones!K84="",0,Decisiones!K84) -> 0 | Z85: D20080718 | AA85: 39647
A86: =TEXT(Decisiones!B85,"yyyy-mm") -> 2008-07 | B86: =Decisiones!H85 -> 8 | C86: =IF(Decisiones!K85="",0,Decisiones!K85) -> 0 | Z86: D20080815 | AA86: 39675
A87: =TEXT(Decisiones!B86,"yyyy-mm") -> 2008-08 | B87: =Decisiones!H86 -> 8.25 | C87: =IF(Decisiones!K86="",0,Decisiones!K86) -> 0 | Z87: D20080919 | AA87: 39710
A88: =TEXT(Decisiones!B87,"yyyy-mm") -> 2008-09 | B88: =Decisiones!H87 -> 8.25 | C88: =IF(Decisiones!K87="",0,Decisiones!K87) -> 0 | Z88: D20081017 | AA88: 39738
A89: =TEXT(Decisiones!B88,"yyyy-mm") -> 2008-10 | B89: =Decisiones!H88 -> 8.25 | C89: =IF(Decisiones!K88="",0,Decisiones!K88) -> 0 | Z89: D20081128 | AA89: 39780
A90: =TEXT(Decisiones!B89,"yyyy-mm") -> 2008-11 | B90: =Decisiones!H89 -> 8.25 | C90: =IF(Decisiones!K89="",0,Decisiones!K89) -> 0 | Z90: D20090116 | AA90: 39829
A91: =TEXT(Decisiones!B90,"yyyy-mm") -> 2009-01 | B91: =Decisiones!H90 -> 7.75 | C91: =IF(Decisiones!K90="",0,Decisiones!K90) -> 0 | Z91: D20090220 | AA91: 39864
A92: =TEXT(Decisiones!B91,"yyyy-mm") -> 2009-02 | B92: =Decisiones!H91 -> 7.5 | C92: =IF(Decisiones!K91="",0,Decisiones!K91) -> 0 | Z92: D20090320 | AA92: 39892
... A238: =TEXT(Decisiones!B237,"yyyy-mm") -> 2026-06 | B238: =Decisiones!H237 -> 6.5 | C238: =IF(Decisiones!K237="",0,Decisiones!K237) -> 0 | Z238: D20260806 | AA238: 46240
Z239: D20260924 | AA239: 46289
A350: Decision_ID | B350: Persona_1 | C350: Persona_2 | D350: Persona_3 | E350: Persona_4 | F350: Persona_5 | G350: Persona_6 | H350: Persona_7 | I350: Persona_8 | J350: Persona_9 | K350: Persona_10
A351: D20000118
A352: D20000516
A353: D20000626
A354: D20000731
A355: D20001017
A356: D20001110
A357: D20010112
A358: D20010518
A359: D20010731
A360: D20020208
A361: D20020412
A362: D20020923
... A541: D20201112
A542: D20201217 | B542: P014 | C542: P015 | D542: P016 | E542: P017 | F542: P018
...

Sheet Explorador_Integrantes
A1: Radar BM · Explorador de integrantes | X1: Persona_ID interno | Y1: Decision_ID interno | Z1: Nombres | AA1: Fechas | AD1: Persona_ID | AE1: Dato_1 | AF1: Dato_2 | AG1: Dato_3 | AH1: Dato_4 | AI1: Dato_5 | AJ1: Dato_6 | AK1: Dato_7 | AL1: Dato_8 | AM1: Dato_9 | AN1: Dato_10 | AO1: Dato_11 | AP1: Dato_12 | AQ1: Dato_13 | AR1: Dato_14 | AS1: Dato_15 | AT1: Dato_16 | AU1: Dato_17 | AV1: Dato_18 | AW1: Dato_19 | AX1: Dato_20 | AY1: Dato_21 | AZ1: Dato_22 | BA1: Dato_23 | BB1: Dato_24 | BC1: Dato_25 | BD1: Dato_26 | BE1: Dato_27 | BF1: Dato_28 | BG1: Dato_29 | BH1: Dato_30 | BI1: Dato_31 | BJ1: Dato_32 | BK1: Dato_33 | BL1: Dato_34 | BM1: Dato_35 | BN1: Dato_36 | BO1: Dato_37 | BP1: Dato_38 | BQ1: Dato_39 | BR1: Dato_40 | BS1: Dato_41 | BT1: Dato_42 | BU1: Dato_43 | BV1: Dato_44 | BW1: Dato_45 | BX1: Dato_46 | BY1: Dato_47 | BZ1: Dato_48 | CA1: Dato_49 | CB1: Dato_50 | CC1: Dato_51 | CD1: Dato_52 | CE1: Dato_53 | CF1: Dato_54 | CG1: Dato_55 | CH1: Dato_56 | CI1: Dato_57 | CJ1: Dato_58 | CK1: Dato_59 | CL1: Dato_60 | CM1: Dato_61 | CN1: Dato_62 | CO1: Dato_63 | CP1: Dato_64 | CQ1: Dato_65 | CR1: Dato_66 | CS1: Dato_67 | CT1: Dato_68 | CU1: Dato_69 | CV1: Dato_70 | CW1: Persona_ID | CX1: ID_1 | CY1: ID_2 | CZ1: ID_3 | DA1: ID_4 | DB1: ID_5 | DC1: ID_6 | DD1: ID_7 | DE1: ID_8 | DF1: ID_9 | DG1: ID_10 | DH1: ID_11 | DI1: ID_12 | DJ1: ID_13 | DK1: ID_14 | DL1: ID_15 | DM1: ID_16 | DN1: ID_17 | DO1: ID_18 | DP1: ID_19 | DQ1: ID_20 | DR1: ID_21 | DS1: ID_22 | DT1: ID_23 | DU1: ID_24 | DV1: ID_25 | DW1: ID_26 | DX1: ID_27 | DY1: ID_28 | DZ1: ID_29 | EA1: ID_30 | EB1: ID_31 | EC1: ID_32 | ED1: ID_33 | EE1: ID_34 | EF1: ID_35 | EG1: ID_36 | EH1: ID_37 | EI1: ID_38 | EJ1: ID_39 | EK1: ID_40 | EL1: ID_41 | EM1: ID_42 | EN1: ID_43 | EO1: ID_44 | EP1: ID_45 | EQ1: ID_46 | ER1: ID_47 | ES1: ID_48 | ET1: ID_49 | EU1: ID_50 | EV1: ID_51 | EW1: ID_52 | EX1: ID_53 | EY1: ID_54 | EZ1: ID_55 | FA1: ID_56 | FB1: ID_57 | FC1: ID_58 | FD1: ID_59 | FE1: ID_60 | FF1: ID_61 | FG1: ID_62 | FH1: ID_63 | FI1: ID_64 | FJ1: ID_65 | FK1: ID_66 | FL1: ID_67 | FM1: ID_68 | FN1: ID_69 | FO1: ID_70 | FP1: Fecha_1 | FQ1: Fecha_2 | FR1: Fecha_3 | FS1: Fecha_4 | FT1: Fecha_5 | FU1: Fecha_6 | FV1: Fecha_7 | FW1: Fecha_8 | FX1: Fecha_9 | FY1: Fecha_10 | FZ1: Fecha_11 | GA1: Fecha_12 | GB1: Fecha_13 | GC1: Fecha_14 | GD1: Fecha_15 | GE1: Fecha_16 | GF1: Fecha_17 | GG1: Fecha_18 | GH1: Fecha_19 | GI1: Fecha_20 | GJ1: Fecha_21 | GK1: Fecha_22 | GL1: Fecha_23 | GM1: Fecha_24 | GN1: Persona_ID | GO1: Inicio | GP1: Fin | GQ1: Fecha_28 | GR1: Fecha_29 | GS1: Fecha_30 | GT1: Fecha_31 | GU1: Fecha_32 | GV1: Fecha_33 | GW1: Fecha_34 | GX1: Fecha_35 | GY1: Fecha_36 | GZ1: Fecha_37 | HA1: Fecha_38 | HB1: Fecha_39 | HC1: Fecha_40 | HD1: Fecha_41 | HE1: Fecha_42 | HF1: Fecha_43 | HG1: Fecha_44 | HH1: Fecha_45 | HI1: Fecha_46 | HJ1: Fecha_47 | HK1: Fecha_48 | HL1: Fecha_49 | HM1: Fecha_50 | HN1: Fecha_51 | HO1: Fecha_52 | HP1: Fecha_53 | HQ1: Fecha_54 | HR1: Fecha_55 | HS1: Fecha_56 | HT1: Fecha_57 | HU1: Fecha_58 | HV1: Fecha_59 | HW1: Fecha_60 | HX1: Fecha_61 | HY1: Fecha_62 | HZ1: Fecha_63 | IA1: Fecha_64 | IB1: Fecha_65 | IC1: Fecha_66 | ID1: Fecha_67 | IE1: Fecha_68 | IF1: Fecha_69 | IG1: Fecha_70
A2: Integrante | B2: Jonathan Heath Constable | E2: ◀ decisión anterior | F2: Fecha activa | G2: Fecha activa | I2: decisión siguiente ▶ | K2: Contexto temporal del integrante | X2: =INDEX(Personas!$A$2:$A$30,MATCH($B$2,Personas!$B$2:$B$30,0)) -> P017 | Y2: =INDEX(Decisiones!$A$2:$A$259,MATCH($G$3,Decisiones!$B$2:$B$259,0)) -> D20260924 | Z2: =Personas!B2 -> Miguel Mancera Aguayo | AA2: =Decisiones!B2 -> 36543 | AD2: P001 | CW2: P001 | GN2: P001
E3: =IFERROR(IF(INDEX($FP$2:$IG$30,MATCH($X$2,$CW$2:$CW$30,0),COUNTIFS(Votaciones!$B$2:$B$346,$X$2,Votaciones!$A$2:$A$346,"<"&$Y$2,Votaciones!$E$2:$E$346,"Público")+1-1)=0,"— inicio —",TEXT(INDEX($FP$2:$IG$30,MATCH($X$2,$CW$2:$CW$30,0),COUNTIFS(Votaciones!$B$2:$B$346,$X$2,Votaciones!$A$2:$A$346,"<"&$Y$2,Votaciones!$E$2:$E$346,"Público")+1-1),"dd-mmm-yyyy")),"— inicio —") -> 06-Aug-2026 | G3: 46289 | I3: =IFERROR(IF(INDEX($FP$2:$IG$30,MATCH($X$2,$CW$2:$CW$30,0),COUNTIFS(Votaciones!$B$2:$B$346,$X$2,Votaciones!$A$2:$A$346,"<"&$Y$2,Votaciones!$E$2:$E$346,"Público")+1+1)=0,"— final —",TEXT(INDEX($FP$2:$IG$30,MATCH($X$2,$CW$2:$CW$30,0),COUNTIFS(Votaciones!$B$2:$B$346,$X$2,Votaciones!$A$2:$A$346,"<"&$Y$2,Votaciones!$E$2:$E$346,"Público")+1+1),"dd-mmm-yyyy")),"— final —") -> — final — | K3: La fecha pertenece al historial del integrante seleccionado | Y3: =$G$3 -> 46289 | Z3: =Personas!B3 -> Ariel Buira Seira | AA3: =Decisiones!B3 -> 36662 | AD3: P002 | CW3: P002 | GN3: P002
A4: Los gráficos, la tabla y las estadísticas responden al integrante y a la fecha activa. Los identificadores técnicos permanecen ocultos. | Z4: =Personas!B4 -> Francisco Gil Díaz | AA4: =Decisiones!B4 -> 36703 | AD4: P003 | CW4: P003 | GN4: P003
S5: 36662 | Z5: =Personas!B5 -> Guillermo Güémez García | AA5: =Decisiones!B5 -> 36738 | AD5: P004 | CW5: P004 | GN5: P004
Z6: =Personas!B6 -> Jesús Marcos Yacamán | AA6: =Decisiones!B6 -> 36816 | AD6: P005 | CW6: P005 | GN6: P005
Z7: =Personas!B7 -> José Julián Sidaoui Dib | AA7: =Decisiones!B7 -> 36840 | AD7: P006 | CW7: P006 | GN7: P006
Z8: =Personas!B8 -> Everardo Elizondo Almaguer | AA8: =Decisiones!B8 -> 36903 | AD8: P007 | CW8: P007 | GN8: P007
Z9: =Personas!B9 -> Guillermo Ortiz Martínez | AA9: =Decisiones!B9 -> 37029 | AD9: P008 | CW9: P008 | GN9: P008
Z10: =Personas!B10 -> Roberto del Cueto Legaspi | AA10: =Decisiones!B10 -> 37103 | AD10: P009 | CW10: P009 | CX10: D20180517 | CY10: D20180621 | CZ10: D20180802 | DA10: D20181004 | DB10: D20181115 | FP10: 43237 | FQ10: 43272 | FR10: 43314 | FS10: 43377 | FT10: 43419 | GN10: P009 | GO10: 43237 | GP10: 43419
Z11: =Personas!B11 -> Manuel Sánchez González | AA11: =Decisiones!B11 -> 37295 | AD11: P010 | CW11: P010 | GN11: P010
Z12: =Personas!B12 -> Agustín Carstens Carstens | AA12: =Decisiones!B12 -> 37358 | AD12: P011 | CW12: P011 | GN12: P011
Z13: =Personas!B13 -> Manuel Ramos Francia | AA13: =Decisiones!B13 -> 37522 | AD13: P012 | AE13: 43377 | AS13: 7.75 | BG13: 0 | BU13: Ordinaria | CI13: Disenso restrictivo | CW13: P012 | CX13: D20180517 | CY13: D20180621 | CZ13: D20180802 | DA13: D20181004 | DB13: D20181115 | DC13: D20181220 | FP13: 43237 | FQ13: 43272 | FR13: 43314 | FS13: 43377 | FT13: 43419 | FU13: 43454 | GN13: P012 | GO13: 43237 | GP13: 43454
Z14: =Personas!B14 -> Javier Eduardo Guzmán Calafell | AA14: =Decisiones!B14 -> 37596 | AD14: P013 | AE14: 43692 | AF14: 43910 | AS14: 8 | AT14: 6.5 | BG14: -25 | BH14: -50 | BU14: Ordinaria | BV14: Extraordinaria | CI14: Disenso restrictivo | CJ14: Disenso restrictivo | CW14: P013 | CX14: D20180517 | CY14: D20180621 | CZ14: D20180802 | DA14: D20181004 | DB14: D20181115 | DC14: D20181220 | DD14: D20190207 | DE14: D20190328 | DF14: D20190516 | DG14: D20190627 | DH14: D20190815 | DI14: D20190926 | DJ14: D20191114 | DK14: D20191219 | DL14: D20200213 | DM14: D20200320 | DN14: D20200421 | DO14: D20200514 | DP14: D20200625 | DQ14: D20200813 | DR14: D20200924 | DS14: D20201112 | DT14: D20201217 | FP14: 43237 | FQ14: 43272 | FR14: 43314 | FS14: 43377 | FT14: 43419 | FU14: 43454 | FV14: 43503 | FW14: 43552 | FX14: 43601 | FY14: 43643 | FZ14: 43692 | GA14: 43734 | GB14: 43783 | GC14: 43818 | GD14: 43874 | GE14: 43910 | GF14: 43942 | GG14: 43965 | GH14: 44007 | GI14: 44056 | GJ14: 44098 | GK14: 44147 | GL14: 44182 | GN14: P013 | GO14: 43237 | GP14: 44182
Z15: =Personas!B15 -> Alejandro Díaz de León Carrillo | AA15: =Decisiones!B15 -> 37631 | AD15: P014 | CW15: P014 | CX15: D20180517 | CY15: D20180621 | CZ15: D20180802 | DA15: D20181004 | DB15: D20181115 | DC15: D20181220 | DD15: D20190207 | DE15: D20190328 | DF15: D20190516 | DG15: D20190627 | DH15: D20190815 | DI15: D20190926 | DJ15: D20191114 | DK15: D20191219 | DL15: D20200213 | DM15: D20200320 | DN15: D20200421 | DO15: D20200514 | DP15: D20200625 | DQ15: D20200813 | DR15: D20200924 | DS15: D20201112 | DT15: D20201217 | DU15: D20210211 | DV15: D20210325 | DW15: D20210513 | DX15: D20210624 | DY15: D20210812 | DZ15: D20210930 | EA15: D20211111 | EB15: D20211216 | FP15: 43237 | FQ15: 43272 | FR15: 43314 | FS15: 43377 | FT15: 43419 | FU15: 43454 | FV15: 43503 | FW15: 43552 | FX15: 43601 | FY15: 43643 | FZ15: 43692 | GA15: 43734 | GB15: 43783 | GC15: 43818 | GD15: 43874 | GE15: 43910 | GF15: 43942 | GG15: 43965 | GH15: 44007 | GI15: 44056 | GJ15: 44098 | GK15: 44147 | GL15: 44182 | GM15: 44238 | GN15: P014 | GO15: 43237 | GP15: 44546 | GQ15: 44420 | GR15: 44469 | GS15: 44511 | GT15: 44546
Z16: =Personas!B16 -> Irene Espinosa Cantellano | AA16: =Decisiones!B16 -> 37645 | AD16: P015 | AE16: 43419 | AF16: 44056 | AG16: 44693 | AH16: 45372 | AI16: 45512 | AS16: 8 | AT16: 4.5 | AU16: 7 | AV16: 11 | AW16: 10.75 | BG16: 25 | BH16: -50 | BI16: 50 | BJ16: -25 | BK16: -25 | BU16: Ordinaria | BV16: Ordinaria | BW16: Ordinaria | BX16: Ordinaria | BY16: Ordinaria | CI16: Disenso restrictivo | CJ16: Disenso restrictivo | CK16: Disenso restrictivo | CL16: Disenso restrictivo | CM16: Disenso restrictivo | CW16: P015 | CX16: D20180517 | CY16: D20180621 | CZ16: D20180802 | DA16: D20181004 | DB16: D20181115 | DC16: D20181220 | DD16: D20190207 | DE16: D20190328 | DF16: D20190516 | DG16: D20190627 | DH16: D20190815 | DI16: D20190926 | DJ16: D20191114 | DK16: D20191219 | DL16: D20200213 | DM16: D20200320 | DN16: D20200421 | DO16: D20200514 | DP16: D20200625 | DQ16: D20200813 | DR16: D20200924 | DS16: D20201112 | DT16: D20201217 | DU16: D20210211 | DV16: D20210325 | DW16: D20210513 | DX16: D20210624 | DY16: D20210812 | DZ16: D20210930 | EA16: D20211111 | EB16: D20211216 | EC16: D20220210 | ED16: D20220324 | EE16: D20220512 | EF16: D20220623 | EG16: D20220811 | EH16: D20220929 | EI16: D20221110 | EJ16: D20221215 | EK16: D20230209 | EL16: D20230330 | EM16: D20230518 | EN16: D20230622 | EO16: D20230810 | EP16: D20230928 | EQ16: D20231109 | ER16: D20231214 | ES16: D20240208 | ET16: D20240321 | EU16: D20240509 | EV16: D20240627 | EW16: D20240808 | EX16: D20240926 | EY16: D20241114 | EZ16: D20241219 | FP16: 43237 | FQ16: 43272 | FR16: 43314 | FS16: 43377 | FT16: 43419 | FU16: 43454 | FV16: 43503 | FW16: 43552 | FX16: 43601 | FY16: 43643 | FZ16: 43692 | GA16: 43734 | GB16: 43783 | GC16: 43818 | GD16: 43874 | GE16: 43910 | GF16: 43942 | GG16: 43965 | GH16: 44007 | GI16: 44056 | GJ16: 44098 | GK16: 44147 | GL16: 44182 | GM16: 44238 | GN16: P015 | GO16: 43237 | GP16: 45645 | GQ16: 44420 | GR16: 44469 | GS16: 44511 | GT16: 44546 | GU16: 44602 | GV16: 44644 | GW16: 44693 | GX16: 44735 | GY16: 44784 | GZ16: 44833 | HA16: 44875 | HB16: 44910 | HC16: 44966 | HD16: 45015 | HE16: 45064 | HF16: 45099 | HG16: 45148 | HH16: 45197 | HI16: 45239 | HJ16: 45274 | HK16: 45330 | HL16: 45372 | HM16: 45421 | HN16: 45470 | HO16: 45512 | HP16: 45561 | HQ16: 45610 | HR16: 45645
Z17: =Personas!B17 -> Gerardo Esquivel Hernández | AA17: =Decisiones!B17 -> 37659 | AD17: P016 | AE17: 43643 | AF17: 43734 | AG17: 43783 | AH17: 43818 | AI17: 44182 | AJ17: 44371 | AK17: 44420 | AL17: 44469 | AM17: 44511 | AN17: 44546 | AO17: 44602 | AP17: 44875 | AQ17: 44910 | AS17: 8.25 | AT17: 7.75 | AU17: 7.5 | AV17: 7.25 | AW17: 4.25 | AX17: 4.25 | AY17: 4.5 | AZ17: 4.75 | BA17: 5 | BB17: 5.5 | BC17: 6 | BD17: 10 | BE17: 10.5 | BG17: 0 | BH17: -25 | BI17: -25 | BJ17: -25 | BK17: 0 | BL17: 25 | BM17: 25 | BN17: 25 | BO17: 25 | BP17: 50 | BQ17: 50 | BR17: 75 | BS17: 50 | BU17: Ordinaria | BV17: Ordinaria | BW17: Ordinaria | BX17: Ordinaria | BY17: Ordinaria | BZ17: Ordinaria | CA17: Ordinaria | CB17: Ordinaria | CC17: Ordinaria | CD17: Ordinaria | CE17: Ordinaria | CF17: Ordinaria | CG17: Ordinaria | CI17: Disenso acomodaticio | CJ17: Disenso acomodaticio | CK17: Disenso acomodaticio | CL17: Disenso acomodaticio | CM17: Disenso acomodaticio | CN17: Disenso acomodaticio | CO17: Disenso acomodaticio | CP17: Disenso acomodaticio | CQ17: Disenso acomodaticio | CR17: Disenso acomodaticio | CS17: Disenso acomodaticio | CT17: Disenso acomodaticio | CU17: Disenso acomodaticio | CW17: P016 | CX17: D20190207 | CY17: D20190328 | CZ17: D20190516 | DA17: D20190627 | DB17: D20190815 | DC17: D20190926 | DD17: D20191114 | DE17: D20191219 | DF17: D20200213 | DG17: D20200320 | DH17: D20200421 | DI17: D20200514 | DJ17: D20200625 | DK17: D20200813 | DL17: D20200924 | DM17: D20201112 | DN17: D20201217 | DO17: D20210211 | DP17: D20210325 | DQ17: D20210513 | DR17: D20210624 | DS17: D20210812 | DT17: D20210930 | DU17: D20211111 | DV17: D20211216 | DW17: D20220210 | DX17: D20220324 | DY17: D20220512 | DZ17: D20220623 | EA17: D20220811 | EB17: D20220929 | EC17: D20221110 | ED17: D20221215 | FP17: 43503 | FQ17: 43552 | FR17: 43601 | FS17: 43643 | FT17: 43692 | FU17: 43734 | FV17: 43783 | FW17: 43818 | FX17: 43874 | FY17: 43910 | FZ17: 43942 | GA17: 43965 | GB17: 44007 | GC17: 44056 | GD17: 44098 | GE17: 44147 | GF17: 44182 | GG17: 44238 | GH17: 44280 | GI17: 44329 | GJ17: 44371 | GK17: 44420 | GL17: 44469 | GM17: 44511 | GN17: P016 | GO17: 43503 | GP17: 44910 | GQ17: 44693 | GR17: 44735 | GS17: 44784 | GT17: 44833 | GU17: 44875 | GV17: 44910
A18: Periodo en la Junta | B18: 2008 | C18: 2010 | D18: 2012 | E18: 2014 | F18: 2016 | G18: 2018 | H18: 2020 | I18: 2022 | J18: 2024 | K18: 2026 | Z18: =Personas!B18 -> Jonathan Heath Constable | AA18: =Decisiones!B18 -> 37673 | AD18: P017 | AE18: 43734 | AF18: 43783 | AG18: 44147 | AH18: 44182 | AI18: 45512 | AJ18: 45561 | AK18: 45694 | AL18: 45834 | AM18: 45876 | AN18: 45925 | AO18: 45967 | AP18: 46009 | AQ18: 46107 | AR18: 46149 | AS18: 7.75 | AT18: 7.5 | AU18: 4.25 | AV18: 4.25 | AW18: 10.75 | AX18: 10.5 | AY18: 9.5 | AZ18: 8 | BA18: 7.75 | BB18: 7.5 | BC18: 7.25 | BD18: 7 | BE18: 6.75 | BF18: 6.5 | BG18: -25 | BH18: -25 | BI18: 0 | BJ18: 0 | BK18: -25 | BL18: -25 | BM18: -50 | BN18: -50 | BO18: -25 | BP18: -25 | BQ18: -25 | BR18: -25 | BS18: -25 | BT18: -25 | BU18: Ordinaria | BV18: Ordinaria | BW18: Ordinaria | BX18: Ordinaria | BY18: Ordinaria | BZ18: Ordinaria | CA18: Ordinaria | CB18: Ordinaria | CC18: Ordinaria | CD18: Ordinaria | CE18: Ordinaria | CF18: Ordinaria | CG18: Ordinaria | CH18: Ordinaria | CI18: Disenso acomodaticio | CJ18: Disenso acomodaticio | CK18: Disenso acomodaticio | CL18: Disenso acomodaticio | CM18: Disenso restrictivo | CN18: Disenso restrictivo | CO18: Disenso restrictivo | CP18: Disenso restrictivo | CQ18: Disenso restrictivo | CR18: Disenso restrictivo | CS18: Disenso restrictivo | CT18: Disenso restrictivo | CU18: Disenso restrictivo | CV18: Disenso restrictivo | CW18: P017 | CX18: D20190207 | CY18: D20190328 | CZ18: D20190516 | DA18: D20190627 | DB18: D20190815 | DC18: D20190926 | DD18: D20191114 | DE18: D20191219 | DF18: D20200213 | DG18: D20200320 | DH18: D20200421 | DI18: D20200514 | DJ18: D20200625 | DK18: D20200813 | DL18: D20200924 | DM18: D20201112 | DN18: D20201217 | DO18: D20210211 | DP18: D20210325 | DQ18: D20210513 | DR18: D20210624 | DS18: D20210812 | DT18: D20210930 | DU18: D20211111 | DV18: D20211216 | DW18: D20220210 | DX18: D20220324 | DY18: D20220512 | DZ18: D20220623 | EA18: D20220811 | EB18: D20220929 | EC18: D20221110 | ED18: D20221215 | EE18: D20230209 | EF18: D20230330 | EG18: D20230518 | EH18: D20230622 | EI18: D20230810 | EJ18: D20230928 | EK18: D20231109 | EL18: D20231214 | EM18: D20240208 | EN18: D20240321 | EO18: D20240509 | EP18: D20240627 | EQ18: D20240808 | ER18: D20240926 | ES18: D20241114 | ET18: D20241219 | EU18: D20250206 | EV18: D20250327 | EW18: D20250515 | EX18: D20250626 | EY18: D20250807 | EZ18: D20250925 | FA18: D20251106 | FB18: D20251218 | FC18: D20260205 | FD18: D20260326 | FE18: D20260507 | FF18: D20260625 | FP18: 43503 | FQ18: 43552 | FR18: 43601 | FS18: 43643 | FT18: 43692 | FU18: 43734 | FV18: 43783 | FW18: 43818 | FX18: 43874 | FY18: 43910 | FZ18: 43942 | GA18: 43965 | GB18: 44007 | GC18: 44056 | GD18: 44098 | GE18: 44147 | GF18: 44182 | GG18: 44238 | GH18: 44280 | GI18: 44329 | GJ18: 44371 | GK18: 44420 | GL18: 44469 | GM18: 44511 | GN18: P017 | GO18: 43503 | GP18: 46198 | GQ18: 44693 | GR18: 44735 | GS18: 44784 | GT18: 44833 | GU18: 44875 | GV18: 44910 | GW18: 44966 | GX18: 45015 | GY18: 45064 | GZ18: 45099 | HA18: 45148 | HB18: 45197 | HC18: 45239 | HD18: 45274 | HE18: 45330 | HF18: 45372 | HG18: 45421 | HH18: 45470 | HI18: 45512 | HJ18: 45561 | HK18: 45610 | HL18: 45645 | HM18: 45694 | HN18: 45743 | HO18: 45792 | HP18: 45834 | HQ18: 45876 | HR18: 45925 | HS18: 45967 | HT18: 46009 | HU18: 46058 | HV18: 46107 | HW18: 46149 | HX18: 46198 | HY18: 46240 | HZ18: 46289
B19: =IF(AND(2008<=YEAR(INDEX($GP$2:$GP$30,MATCH($X$2,$GN$2:$GN$30,0))),2009>=YEAR(INDEX($GO$2:$GO$30,MATCH($X$2,$GN$2:$GN$30,0)))),"●","") | C19: =IF(AND(2010<=YEAR(INDEX($GP$2:$GP$30,MATCH($X$2,$GN$2:$GN$30,0))),2011>=YEAR(INDEX($GO$2:$GO$30,MATCH($X$2,$GN$2:$GN$30,0)))),"●","") | D19: =IF(AND(2012<=YEAR(INDEX($GP$2:$GP$30,MATCH($X$2,$GN$2:$GN$30,0))),2013>=YEAR(INDEX($GO$2:$GO$30,MATCH($X$2,$GN$2:$GN$30,0)))),"●","") | E19: =IF(AND(2014<=YEAR(INDEX($GP$2:$GP$30,MATCH($X$2,$GN$2:$GN$30,0))),2015>=YEAR(INDEX($GO$2:$GO$30,MATCH($X$2,$GN$2:$GN$30,0)))),"●","") | F19: =IF(AND(2016<=YEAR(INDEX($GP$2:$GP$30,MATCH($X$2,$GN$2:$GN$30,0))),2017>=YEAR(INDEX($GO$2:$GO$30,MATCH($X$2,$GN$2:$GN$30,0)))),"●","") | G19: =IF(AND(2018<=YEAR(INDEX($GP$2:$GP$30,MATCH($X$2,$GN$2:$GN$30,0))),2019>=YEAR(INDEX($GO$2:$GO$30,MATCH($X$2,$GN$2:$GN$30,0)))),"●","") -> ● | H19: =IF(AND(2020<=YEAR(INDEX($GP$2:$GP$30,MATCH($X$2,$GN$2:$GN$30,0))),2021>=YEAR(INDEX($GO$2:$GO$30,MATCH($X$2,$GN$2:$GN$30,0)))),"●","") -> ● | I19: =IF(AND(2022<=YEAR(INDEX($GP$2:$GP$30,MATCH($X$2,$GN$2:$GN$30,0))),2023>=YEAR(INDEX($GO$2:$GO$30,MATCH($X$2,$GN$2:$GN$30,0)))),"●","") -> ● | J19: =IF(AND(2024<=YEAR(INDEX($GP$2:$GP$30,MATCH($X$2,$GN$2:$GN$30,0))),2025>=YEAR(INDEX($GO$2:$GO$30,MATCH($X$2,$GN$2:$GN$30,0)))),"●","") -> ● | K19: =IF(AND(2026<=YEAR(INDEX($GP$2:$GP$30,MATCH($X$2,$GN$2:$GN$30,0))),2027>=YEAR(INDEX($GO$2:$GO$30,MATCH($X$2,$GN$2:$GN$30,0)))),"●","") -> ● | Z19: =Personas!B19 -> Galia Borja Gómez | AA19: =Decisiones!B19 -> 37708 | AD19: P018 | AE19: 44371 | AF19: 44420 | AG19: 46107 | AH19: 46149 | AS19: 4.25 | AT19: 4.5 | AU19: 6.75 | AV19: 6.5 | BG19: 25 | BH19: 25 | BI19: -25 | BJ19: -25 | BU19: Ordinaria | BV19: Ordinaria | BW19: Ordinaria | BX19: Ordinaria | CI19: Disenso acomodaticio | CJ19: Disenso acomodaticio | CK19: Disenso restrictivo | CL19: Disenso restrictivo | CW19: P018 | CX19: D20210211 | CY19: D20210325 | CZ19: D20210513 | DA19: D20210624 | DB19: D20210812 | DC19: D20210930 | DD19: D20211111 | DE19: D20211216 | DF19: D20220210 | DG19: D20220324 | DH19: D20220512 | DI19: D20220623 | DJ19: D20220811 | DK19: D20220929 | DL19: D20221110 | DM19: D20221215 | DN19: D20230209 | DO19: D20230330 | DP19: D20230518 | DQ19: D20230622 | DR19: D20230810 | DS19: D20230928 | DT19: D20231109 | DU19: D20231214 | DV19: D20240208 | DW19: D20240321 | DX19: D20240509 | DY19: D20240627 | DZ19: D20240808 | EA19: D20240926 | EB19: D20241114 | EC19: D20241219 | ED19: D20250206 | EE19: D20250327 | EF19: D20250515 | EG19: D20250626 | EH19: D20250807 | EI19: D20250925 | EJ19: D20251106 | EK19: D20251218 | EL19: D20260205 | EM19: D20260326 | EN19: D20260507 | EO19: D20260625 | FP19: 44238 | FQ19: 44280 | FR19: 44329 | FS19: 44371 | FT19: 44420 | FU19: 44469 | FV19: 44511 | FW19: 44546 | FX19: 44602 | FY19: 44644 | FZ19: 44693 | GA19: 44735 | GB19: 44784 | GC19: 44833 | GD19: 44875 | GE19: 44910 | GF19: 44966 | GG19: 45015 | GH19: 45064 | GI19: 45099 | GJ19: 45148 | GK19: 45197 | GL19: 45239 | GM19: 45274 | GN19: P018 | GO19: 44238 | GP19: 46198 | GQ19: 45470 | GR19: 45512 | GS19: 45561 | GT19: 45610 | GU19: 45645 | GV19: 45694 | GW19: 45743 | GX19: 45792 | GY19: 45834 | GZ19: 45876 | HA19: 45925 | HB19: 45967 | HC19: 46009 | HD19: 46058 | HE19: 46107 | HF19: 46149 | HG19: 46198 | HH19: 46240 | HI19: 46289
Z20: =Personas!B20 -> Victoria Rodríguez Ceja | AA20: =Decisiones!B20 -> 37736 | AD20: P019 | CW20: P019 | CX20: D20220210 | CY20: D20220324 | CZ20: D20220512 | DA20: D20220623 | DB20: D20220811 | DC20: D20220929 | DD20: D20221110 | DE20: D20221215 | DF20: D20230209 | DG20: D20230330 | DH20: D20230518 | DI20: D20230622 | DJ20: D20230810 | DK20: D20230928 | DL20: D20231109 | DM20: D20231214 | DN20: D20240208 | DO20: D20240321 | DP20: D20240509 | DQ20: D20240627 | DR20: D20240808 | DS20: D20240926 | DT20: D20241114 | DU20: D20241219 | DV20: D20250206 | DW20: D20250327 | DX20: D20250515 | DY20: D20250626 | DZ20: D20250807 | EA20: D20250925 | EB20: D20251106 | EC20: D20251218 | ED20: D20260205 | EE20: D20260326 | EF20: D20260507 | EG20: D20260625 | FP20: 44602 | FQ20: 44644 | FR20: 44693 | FS20: 44735 | FT20: 44784 | FU20: 44833 | FV20: 44875 | FW20: 44910 | FX20: 44966 | FY20: 45015 | FZ20: 45064 | GA20: 45099 | GB20: 45148 | GC20: 45197 | GD20: 45239 | GE20: 45274 | GF20: 45330 | GG20: 45372 | GH20: 45421 | GI20: 45470 | GJ20: 45512 | GK20: 45561 | GL20: 45610 | GM20: 45645 | GN20: P019 | GO20: 44602 | GP20: 46198 | GQ20: 45834 | GR20: 45876 | GS20: 45925 | GT20: 45967 | GU20: 46009 | GV20: 46058 | GW20: 46107 | GX20: 46149 | GY20: 46198 | GZ20: 46240 | HA20: 46289
Z21: =Personas!B21 -> Omar Mejía Castelazo | AA21: =Decisiones!B21 -> 37764 | AD21: P020 | AE21: 45470 | AS21: 11 | BG21: 0 | BU21: Ordinaria | CI21: Disenso acomodaticio | CW21: P020 | CX21: D20230209 | CY21: D20230330 | CZ21: D20230518 | DA21: D20230622 | DB21: D20230810 | DC21: D20230928 | DD21: D20231109 | DE21: D20231214 | DF21: D20240208 | DG21: D20240321 | DH21: D20240509 | DI21: D20240627 | DJ21: D20240808 | DK21: D20240926 | DL21: D20241114 | DM21: D20241219 | DN21: D20250206 | DO21: D20250327 | DP21: D20250515 | DQ21: D20250626 | DR21: D20250807 | DS21: D20250925 | DT21: D20251106 | DU21: D20251218 | DV21: D20260205 | DW21: D20260326 | DX21: D20260507 | DY21: D20260625 | FP21: 44966 | FQ21: 45015 | FR21: 45064 | FS21: 45099 | FT21: 45148 | FU21: 45197 | FV21: 45239 | FW21: 45274 | FX21: 45330 | FY21: 45372 | FZ21: 45421 | GA21: 45470 | GB21: 45512 | GC21: 45561 | GD21: 45610 | GE21: 45645 | GF21: 45694 | GG21: 45743 | GH21: 45792 | GI21: 45834 | GJ21: 45876 | GK21: 45925 | GL21: 45967 | GM21: 46009 | GN21: P020 | GO21: 44966 | GP21: 46198 | GQ21: 46198 | GR21: 46240 | GS21: 46289
Z22: =Personas!B22 -> José Gabriel Cuadra García | AA22: =Decisiones!B22 -> 37799 | AD22: P021 | CW22: P021 | CX22: D20250206 | CY22: D20250327 | CZ22: D20250515 | DA22: D20250626 | DB22: D20250807 | DC22: D20250925 | DD22: D20251106 | DE22: D20251218 | DF22: D20260205 | DG22: D20260326 | DH22: D20260507 | DI22: D20260625 | FP22: 45694 | FQ22: 45743 | FR22: 45792 | FS22: 45834 | FT22: 45876 | FU22: 45925 | FV22: 45967 | FW22: 46009 | FX22: 46058 | FY22: 46107 | FZ22: 46149 | GA22: 46198 | GB22: 46240 | GC22: 46289 | GN22: P021 | GO22: 45694 | GP22: 46198
Z23: =Personas!B23 -> Eduardo Fernández García | AA23: =Decisiones!B23 -> 37827 | AD23: P022 | CW23: P022 | GN23: P022
Z24: =Personas!B24 -> Carlos Ruiz Sacristán | AA24: =Decisiones!B24 -> 37855 | AD24: P023 | CW24: P023 | GN24: P023
Z25: =Personas!B25 -> Alonso García Tamés | AA25: =Decisiones!B25 -> 37890 | AD25: P024 | CW25: P024 | GN25: P024
Z26: =Personas!B26 -> Gerardo Rodríguez Regordosa | AA26: =Decisiones!B26 -> 37918 | AD26: P025 | CW26: P025 | GN26: P025
Z27: =Personas!B27 -> José Antonio Meade Kuribreña | AA27: =Decisiones!B27 -> 37946 | AD27: P026 | CW27: P026 | GN27: P026
Z28: =Personas!B28 -> Lorenza Martínez Trigueros | AA28: =Decisiones!B28 -> 37966 | AD28: P027 | CW28: P027 | GN28: P027
Z29: =Personas!B29 -> Miguel Messmacher Linartas | AA29: =Decisiones!B29 -> 38009 | AD29: P028 | CW29: P028 | GN29: P028
Z30: =Personas!B30 -> Luis Videgaray Caso | AA30: =Decisiones!B30 -> 38037 | AD30: P029 | CW30: P029 | GN30: P029
AA31: =Decisiones!B31 -> 38058
AA32: =Decisiones!B32 -> 38072
AA33: =Decisiones!B33 -> 38100
A34: Periodo analizado | B34: =ROUND(YEAR(INDEX($GO$2:$GO$30,MATCH($X$2,$GN$2:$GN$30,0)))+0*(YEAR(INDEX($GP$2:$GP$30,MATCH($X$2,$GN$2:$GN$30,0)))-YEAR(INDEX($GO$2:$GO$30,MATCH($X$2,$GN$2:$GN$30,0))))/9,0) -> 2019 | C34: ="" | D34: =ROUND(YEAR(INDEX($GO$2:$GO$30,MATCH($X$2,$GN$2:$GN$30,0)))+2*(YEAR(INDEX($GP$2:$GP$30,MATCH($X$2,$GN$2:$GN$30,0)))-YEAR(INDEX($GO$2:$GO$30,MATCH($X$2,$GN$2:$GN$30,0))))/9,0) -> 2021 | E34: ="" | F34: =ROUND(YEAR(INDEX($GO$2:$GO$30,MATCH($X$2,$GN$2:$GN$30,0)))+4*(YEAR(INDEX($GP$2:$GP$30,MATCH($X$2,$GN$2:$GN$30,0)))-YEAR(INDEX($GO$2:$GO$30,MATCH($X$2,$GN$2:$GN$30,0))))/9,0) -> 2022 | G34: ="" | H34: =ROUND(YEAR(INDEX($GO$2:$GO$30,MATCH($X$2,$GN$2:$GN$30,0)))+6*(YEAR(INDEX($GP$2:$GP$30,MATCH($X$2,$GN$2:$GN$30,0)))-YEAR(INDEX($GO$2:$GO$30,MATCH($X$2,$GN$2:$GN$30,0))))/9,0) -> 2024 | I34: ="" | J34: =ROUND(YEAR(INDEX($GO$2:$GO$30,MATCH($X$2,$GN$2:$GN$30,0)))+8*(YEAR(INDEX($GP$2:$GP$30,MATCH($X$2,$GN$2:$GN$30,0)))-YEAR(INDEX($GO$2:$GO$30,MATCH($X$2,$GN$2:$GN$30,0))))/9,0) -> 2025 | K34: ="" | AA34: =Decisiones!B34 -> 38104
A35: Disensos del integrante hasta la fecha activa | H35: Resumen estadístico | AA35: =Decisiones!B35 -> 38135
A36: Fecha | B36: Tasa objetivo | C36: Movimiento (pb) | D36: Tipo de reunión | E36: Tipo de disenso | H36: Histórico hasta la fecha activa | L36: Últimos doce meses | AA36: =Decisiones!B36 -> 38163
A37: =IFERROR(IF(INDEX($AE$2:$AR$30,MATCH($X$2,$AD$2:$AD$30,0),1)<=$Y$3,INDEX($AE$2:$AR$30,MATCH($X$2,$AD$2:$AD$30,0),1),""),"") -> 43734 | B37: =IF($A37="","",INDEX($AS$2:$BF$30,MATCH($X$2,$AD$2:$AD$30,0),1)) -> 7.75 | C37: =IF($A37="","",INDEX($BG$2:$BT$30,MATCH($X$2,$AD$2:$AD$30,0),1)) -> -25 | D37: =IF($A37="","",INDEX($BU$2:$CH$30,MATCH($X$2,$AD$2:$AD$30,0),1)) -> Ordinaria | E37: =IF($A37="","",INDEX($CI$2:$CV$30,MATCH($X$2,$AD$2:$AD$30,0),1)) -> Disenso acomodaticio | H37: Votos válidos | I37: =COUNTIFS(Votaciones!$B$2:$B$346,$X$2,Votaciones!$A$2:$A$346,"<="&$Y$2,Votaciones!$E$2:$E$346,"Público") -> 63 | L37: Votos válidos | M37: =COUNTIFS(Votaciones!$B$2:$B$346,$X$2,Votaciones!$A$2:$A$346,">="&"D"&TEXT(EDATE($Y$3,-12),"yyyymmdd"),Votaciones!$A$2:$A$346,"<="&$Y$2,Votaciones!$E$2:$E$346,"Público") -> 9 | AA37: =Decisiones!B37 -> 38191
A38: =IFERROR(IF(INDEX($AE$2:$AR$30,MATCH($X$2,$AD$2:$AD$30,0),2)<=$Y$3,INDEX($AE$2:$AR$30,MATCH($X$2,$AD$2:$AD$30,0),2),""),"") -> 43783 | B38: =IF($A38="","",INDEX($AS$2:$BF$30,MATCH($X$2,$AD$2:$AD$30,0),2)) -> 7.5 | C38: =IF($A38="","",INDEX($BG$2:$BT$30,MATCH($X$2,$AD$2:$AD$30,0),2)) -> -25 | D38: =IF($A38="","",INDEX($BU$2:$CH$30,MATCH($X$2,$AD$2:$AD$30,0),2)) -> Ordinaria | E38: =IF($A38="","",INDEX($CI$2:$CV$30,MATCH($X$2,$AD$2:$AD$30,0),2)) -> Disenso acomodaticio | H38: Disensos | I38: =COUNTIFS(Votaciones!$B$2:$B$346,$X$2,Votaciones!$A$2:$A$346,"<="&$Y$2,Votaciones!$D$2:$D$346,"Disenso restrictivo")+COUNTIFS(Votaciones!$B$2:$B$346,$X$2,Votaciones!$A$2:$A$346,"<="&$Y$2,Votaciones!$D$2:$D$346,"Disenso acomodaticio") -> 14 | L38: Disensos | M38: =COUNTIFS(Votaciones!$B$2:$B$346,$X$2,Votaciones!$A$2:$A$346,">="&"D"&TEXT(EDATE($Y$3,-12),"yyyymmdd"),Votaciones!$A$2:$A$346,"<="&$Y$2,Votaciones!$D$2:$D$346,"Disenso restrictivo")+COUNTIFS(Votaciones!$B$2:$B$346,$X$2,Votaciones!$A$2:$A$346,">="&"D"&TEXT(EDATE($Y$3,-12),"yyyymmdd"),Votaciones!$A$2:$A$346,"<="&$Y$2,Votaciones!$D$2:$D$346,"Disenso acomodaticio") -> 5 | AA38: =Decisiones!B38 -> 38226
A39: =IFERROR(IF(INDEX($AE$2:$AR$30,MATCH($X$2,$AD$2:$AD$30,0),3)<=$Y$3,INDEX($AE$2:$AR$30,MATCH($X$2,$AD$2:$AD$30,0),3),""),"") -> 44147 | B39: =IF($A39="","",INDEX($AS$2:$BF$30,MATCH($X$2,$AD$2:$AD$30,0),3)) -> 4.25 | C39: =IF($A39="","",INDEX($BG$2:$BT$30,MATCH($X$2,$AD$2:$AD$30,0),3)) -> 0 | D39: =IF($A39="","",INDEX($BU$2:$CH$30,MATCH($X$2,$AD$2:$AD$30,0),3)) -> Ordinaria | E39: =IF($A39="","",INDEX($CI$2:$CV$30,MATCH($X$2,$AD$2:$AD$30,0),3)) -> Disenso acomodaticio | H39: Disensos restrictivos | I39: =COUNTIFS(Votaciones!$B$2:$B$346,$X$2,Votaciones!$A$2:$A$346,"<="&$Y$2,Votaciones!$D$2:$D$346,"Disenso restrictivo") -> 10 | L39: Disensos restrictivos | M39: =COUNTIFS(Votaciones!$B$2:$B$346,$X$2,Votaciones!$A$2:$A$346,">="&"D"&TEXT(EDATE($Y$3,-12),"yyyymmdd"),Votaciones!$A$2:$A$346,"<="&$Y$2,Votaciones!$D$2:$D$346,"Disenso restrictivo") -> 5 | AA39: =Decisiones!B39 -> 38254
A40: =IFERROR(IF(INDEX($AE$2:$AR$30,MATCH($X$2,$AD$2:$AD$30,0),4)<=$Y$3,INDEX($AE$2:$AR$30,MATCH($X$2,$AD$2:$AD$30,0),4),""),"") -> 44182 | B40: =IF($A40="","",INDEX($AS$2:$BF$30,MATCH($X$2,$AD$2:$AD$30,0),4)) -> 4.25 | C40: =IF($A40="","",INDEX($BG$2:$BT$30,MATCH($X$2,$AD$2:$AD$30,0),4)) -> 0 | D40: =IF($A40="","",INDEX($BU$2:$CH$30,MATCH($X$2,$AD$2:$AD$30,0),4)) -> Ordinaria | E40: =IF($A40="","",INDEX($CI$2:$CV$30,MATCH($X$2,$AD$2:$AD$30,0),4)) -> Disenso acomodaticio | H40: Disensos acomodaticios | I40: =COUNTIFS(Votaciones!$B$2:$B$346,$X$2,Votaciones!$A$2:$A$346,"<="&$Y$2,Votaciones!$D$2:$D$346,"Disenso acomodaticio") -> 4 | L40: Disensos acomodaticios | M40: =COUNTIFS(Votaciones!$B$2:$B$346,$X$2,Votaciones!$A$2:$A$346,">="&"D"&TEXT(EDATE($Y$3,-12),"yyyymmdd"),Votaciones!$A$2:$A$346,"<="&$Y$2,Votaciones!$D$2:$D$346,"Disenso acomodaticio") -> 0 | AA40: =Decisiones!B40 -> 38282
A41: =IFERROR(IF(INDEX($AE$2:$AR$30,MATCH($X$2,$AD$2:$AD$30,0),5)<=$Y$3,INDEX($AE$2:$AR$30,MATCH($X$2,$AD$2:$AD$30,0),5),""),"") -> 45512 | B41: =IF($A41="","",INDEX($AS$2:$BF$30,MATCH($X$2,$AD$2:$AD$30,0),5)) -> 10.75 | C41: =IF($A41="","",INDEX($BG$2:$BT$30,MATCH($X$2,$AD$2:$AD$30,0),5)) -> -25 | D41: =IF($A41="","",INDEX($BU$2:$CH$30,MATCH($X$2,$AD$2:$AD$30,0),5)) -> Ordinaria | E41: =IF($A41="","",INDEX($CI$2:$CV$30,MATCH($X$2,$AD$2:$AD$30,0),5)) -> Disenso restrictivo | H41: % Disenso | I41: =IFERROR(I38/I37,0) -> 0.22222222 | L41: % Disenso | M41: =IFERROR(M38/M37,0) -> 0.55555556 | AA41: =Decisiones!B41 -> 38317
A42: =IFERROR(IF(INDEX($AE$2:$AR$30,MATCH($X$2,$AD$2:$AD$30,0),6)<=$Y$3,INDEX($AE$2:$AR$30,MATCH($X$2,$AD$2:$AD$30,0),6),""),"") -> 45561 | B42: =IF($A42="","",INDEX($AS$2:$BF$30,MATCH($X$2,$AD$2:$AD$30,0),6)) -> 10.5 | C42: =IF($A42="","",INDEX($BG$2:$BT$30,MATCH($X$2,$AD$2:$AD$30,0),6)) -> -25 | D42: =IF($A42="","",INDEX($BU$2:$CH$30,MATCH($X$2,$AD$2:$AD$30,0),6)) -> Ordinaria | E42: =IF($A42="","",INDEX($CI$2:$CV$30,MATCH($X$2,$AD$2:$AD$30,0),6)) -> Disenso restrictivo | H42: % Disenso restrictivo | I42: =IFERROR(I39/I37,0) -> 0.15873016 | L42: % Disenso restrictivo | M42: =IFERROR(M39/M37,0) -> 0.55555556 | AA42: =Decisiones!B42 -> 38331
A43: =IFERROR(IF(INDEX($AE$2:$AR$30,MATCH($X$2,$AD$2:$AD$30,0),7)<=$Y$3,INDEX($AE$2:$AR$30,MATCH($X$2,$AD$2:$AD$30,0),7),""),"") -> 45694 | B43: =IF($A43="","",INDEX($AS$2:$BF$30,MATCH($X$2,$AD$2:$AD$30,0),7)) -> 9.5 | C43: =IF($A43="","",INDEX($BG$2:$BT$30,MATCH($X$2,$AD$2:$AD$30,0),7)) -> -50 | D43: =IF($A43="","",INDEX($BU$2:$CH$30,MATCH($X$2,$AD$2:$AD$30,0),7)) -> Ordinaria | E43: =IF($A43="","",INDEX($CI$2:$CV$30,MATCH($X$2,$AD$2:$AD$30,0),7)) -> Disenso restrictivo | H43: % Disenso acomodaticio | I43: =IFERROR(I40/I37,0) -> 0.063492063 | L43: % Disenso acomodaticio | M43: =IFERROR(M40/M37,0) -> 0 | AA43: =Decisiones!B43 -> 38380
A44: =IFERROR(IF(INDEX($AE$2:$AR$30,MATCH($X$2,$AD$2:$AD$30,0),8)<=$Y$3,INDEX($AE$2:$AR$30,MATCH($X$2,$AD$2:$AD$30,0),8),""),"") -> 45834 | B44: =IF($A44="","",INDEX($AS$2:$BF$30,MATCH($X$2,$AD$2:$AD$30,0),8)) -> 8 | C44: =IF($A44="","",INDEX($BG$2:$BT$30,MATCH($X$2,$AD$2:$AD$30,0),8)) -> -50 | D44: =IF($A44="","",INDEX($BU$2:$CH$30,MATCH($X$2,$AD$2:$AD$30,0),8)) -> Ordinaria | E44: =IF($A44="","",INDEX($CI$2:$CV$30,MATCH($X$2,$AD$2:$AD$30,0),8)) -> Disenso restrictivo | AA44: =Decisiones!B44 -> 38408
A45: =IFERROR(IF(INDEX($AE$2:$AR$30,MATCH($X$2,$AD$2:$AD$30,0),9)<=$Y$3,INDEX($AE$2:$AR$30,MATCH($X$2,$AD$2:$AD$30,0),9),""),"") -> 45876 | B45: =IF($A45="","",INDEX($AS$2:$BF$30,MATCH($X$2,$AD$2:$AD$30,0),9)) -> 7.75 | C45: =IF($A45="","",INDEX($BG$2:$BT$30,MATCH($X$2,$AD$2:$AD$30,0),9)) -> -25 | D45: =IF($A45="","",INDEX($BU$2:$CH$30,MATCH($X$2,$AD$2:$AD$30,0),9)) -> Ordinaria | E45: =IF($A45="","",INDEX($CI$2:$CV$30,MATCH($X$2,$AD$2:$AD$30,0),9)) -> Disenso restrictivo | AA45: =Decisiones!B45 -> 38434
A46: =IFERROR(IF(INDEX($AE$2:$AR$30,MATCH($X$2,$AD$2:$AD$30,0),10)<=$Y$3,INDEX($AE$2:$AR$30,MATCH($X$2,$AD$2:$AD$30,0),10),""),"") -> 45925 | B46: =IF($A46="","",INDEX($AS$2:$BF$30,MATCH($X$2,$AD$2:$AD$30,0),10)) -> 7.5 | C46: =IF($A46="","",INDEX($BG$2:$BT$30,MATCH($X$2,$AD$2:$AD$30,0),10)) -> -25 | D46: =IF($A46="","",INDEX($BU$2:$CH$30,MATCH($X$2,$AD$2:$AD$30,0),10)) -> Ordinaria | E46: =IF($A46="","",INDEX($CI$2:$CV$30,MATCH($X$2,$AD$2:$AD$30,0),10)) -> Disenso restrictivo | AA46: =Decisiones!B46 -> 38464
A47: =IFERROR(IF(INDEX($AE$2:$AR$30,MATCH($X$2,$AD$2:$AD$30,0),11)<=$Y$3,INDEX($AE$2:$AR$30,MATCH($X$2,$AD$2:$AD$30,0),11),""),"") -> 45967 | B47: =IF($A47="","",INDEX($AS$2:$BF$30,MATCH($X$2,$AD$2:$AD$30,0),11)) -> 7.25 | C47: =IF($A47="","",INDEX($BG$2:$BT$30,MATCH($X$2,$AD$2:$AD$30,0),11)) -> -25 | D47: =IF($A47="","",INDEX($BU$2:$CH$30,MATCH($X$2,$AD$2:$AD$30,0),11)) -> Ordinaria | E47: =IF($A47="","",INDEX($CI$2:$CV$30,MATCH($X$2,$AD$2:$AD$30,0),11)) -> Disenso restrictivo | AA47: =Decisiones!B47 -> 38499
A48: =IFERROR(IF(INDEX($AE$2:$AR$30,MATCH($X$2,$AD$2:$AD$30,0),12)<=$Y$3,INDEX($AE$2:$AR$30,MATCH($X$2,$AD$2:$AD$30,0),12),""),"") -> 46009 | B48: =IF($A48="","",INDEX($AS$2:$BF$30,MATCH($X$2,$AD$2:$AD$30,0),12)) -> 7 | C48: =IF($A48="","",INDEX($BG$2:$BT$30,MATCH($X$2,$AD$2:$AD$30,0),12)) -> -25 | D48: =IF($A48="","",INDEX($BU$2:$CH$30,MATCH($X$2,$AD$2:$AD$30,0),12)) -> Ordinaria | E48: =IF($A48="","",INDEX($CI$2:$CV$30,MATCH($X$2,$AD$2:$AD$30,0),12)) -> Disenso restrictivo | AA48: =Decisiones!B48 -> 38527
A49: =IFERROR(IF(INDEX($AE$2:$AR$30,MATCH($X$2,$AD$2:$AD$30,0),13)<=$Y$3,INDEX($AE$2:$AR$30,MATCH($X$2,$AD$2:$AD$30,0),13),""),"") -> 46107 | B49: =IF($A49="","",INDEX($AS$2:$BF$30,MATCH($X$2,$AD$2:$AD$30,0),13)) -> 6.75 | C49: =IF($A49="","",INDEX($BG$2:$BT$30,MATCH($X$2,$AD$2:$AD$30,0),13)) -> -25 | D49: =IF($A49="","",INDEX($BU$2:$CH$30,MATCH($X$2,$AD$2:$AD$30,0),13)) -> Ordinaria | E49: =IF($A49="","",INDEX($CI$2:$CV$30,MATCH($X$2,$AD$2:$AD$30,0),13)) -> Disenso restrictivo | AA49: =Decisiones!B49 -> 38555
A50: =IFERROR(IF(INDEX($AE$2:$AR$30,MATCH($X$2,$AD$2:$AD$30,0),14)<=$Y$3,INDEX($AE$2:$AR$30,MATCH($X$2,$AD$2:$AD$30,0),14),""),"") -> 46149 | B50: =IF($A50="","",INDEX($AS$2:$BF$30,MATCH($X$2,$AD$2:$AD$30,0),14)) -> 6.5 | C50: =IF($A50="","",INDEX($BG$2:$BT$30,MATCH($X$2,$AD$2:$AD$30,0),14)) -> -25 | D50: =IF($A50="","",INDEX($BU$2:$CH$30,MATCH($X$2,$AD$2:$AD$30,0),14)) -> Ordinaria | E50: =IF($A50="","",INDEX($CI$2:$CV$30,MATCH($X$2,$AD$2:$AD$30,0),14)) -> Disenso restrictivo | AA50: =Decisiones!B50 -> 38590
AA51: =Decisiones!B51 -> 38618
AA52: =Decisiones!B52 -> 38653
AA53: =Decisiones!B53 -> 38681
AA54: =Decisiones!B54 -> 38695
AA55: =Decisiones!B55 -> 38744
AA56: =Decisiones!B56 -> 38772
AA57: =Decisiones!B57 -> 38800
AA58: =Decisiones!B58 -> 38828
AA59: =Decisiones!B59 -> 38863
AA60: =Decisiones!B60 -> 38891
AA61: =Decisiones!B61 -> 38926
AA62: =Decisiones!B62 -> 38954
... AA99: =Decisiones!B99 -> 40102
A100: Fecha | B100: Tasa objetivo | C100: ▲ restrictivo 1 | D100: ▲ restrictivo 2 | E100: ▼ acomodaticio 1 | F100: ▼ acomodaticio 2 | G100: Periodo del integrante | AA100: =Decisiones!B100 -> 40144
A101: =Decisiones!B80 -> 39493 | B101: =Decisiones!H80 -> 7.5 | C101: =COUNTIFS(Votaciones!$A$2:$A$346,Decisiones!A80,Votaciones!$D$2:$D$346,"Disenso restrictivo") -> 0 | D101: =COUNTIFS(Votaciones!$A$2:$A$346,Decisiones!A80,Votaciones!$D$2:$D$346,"Disenso acomodaticio") -> 0 | E101: =NA() -> #N/A | F101: =NA() -> #N/A | G101: =IF(AND(Decisiones!A80>=IFERROR(INDEX(Participacion_Junta!$A$2:$A$346,_xludf.AGGREGATE(15,6,(ROW(Participacion_Junta!$A$2:$A$346)-1)/(Participacion_Junta!$B$2:$B$346=$X$2),1)),"ZZZ"),Decisiones!A80<=IFERROR(INDEX(Participacion_Junta!$A$2:$A$346,_xludf.AGGREGATE(14,6,(ROW(Participacion_Junta!$A$2:$A$346)-1)/(Participacion_Junta!$B$2:$B$346=$X$2),1)),"")),0.35,NA()) -> #N/A | AA101: =Decisiones!B101 -> 40193
A102: =Decisiones!B81 -> 39521 | B102: =Decisiones!H81 -> 7.5 | C102: =COUNTIFS(Votaciones!$A$2:$A$346,Decisiones!A81,Votaciones!$D$2:$D$346,"Disenso restrictivo") -> 0 | D102: =COUNTIFS(Votaciones!$A$2:$A$346,Decisiones!A81,Votaciones!$D$2:$D$346,"Disenso acomodaticio") -> 0 | E102: =NA() -> #N/A | F102: =NA() -> #N/A | G102: =IF(AND(Decisiones!A81>=IFERROR(INDEX(Participacion_Junta!$A$2:$A$346,_xludf.AGGREGATE(15,6,(ROW(Participacion_Junta!$A$2:$A$346)-1)/(Participacion_Junta!$B$2:$B$346=$X$2),1)),"ZZZ"),Decisiones!A81<=IFERROR(INDEX(Participacion_Junta!$A$2:$A$346,_xludf.AGGREGATE(14,6,(ROW(Participacion_Junta!$A$2:$A$346)-1)/(Participacion_Junta!$B$2:$B$346=$X$2),1)),"")),0.35,NA()) -> #N/A | AA102: =Decisiones!B102 -> 40228
A103: =Decisiones!B82 -> 39556 | B103: =Decisiones!H82 -> 7.5 | C103: =COUNTIFS(Votaciones!$A$2:$A$346,Decisiones!A82,Votaciones!$D$2:$D$346,"Disenso restrictivo") -> 0 | D103: =COUNTIFS(Votaciones!$A$2:$A$346,Decisiones!A82,Votaciones!$D$2:$D$346,"Disenso acomodaticio") -> 0 | E103: =NA() -> #N/A | F103: =NA() -> #N/A | G103: =IF(AND(Decisiones!A82>=IFERROR(INDEX(Participacion_Junta!$A$2:$A$346,_xludf.AGGREGATE(15,6,(ROW(Participacion_Junta!$A$2:$A$346)-1)/(Participacion_Junta!$B$2:$B$346=$X$2),1)),"ZZZ"),Decisiones!A82<=IFERROR(INDEX(Participacion_Junta!$A$2:$A$346,_xludf.AGGREGATE(14,6,(ROW(Participacion_Junta!$A$2:$A$346)-1)/(Participacion_Junta!$B$2:$B$346=$X$2),1)),"")),0.35,NA()) -> #N/A | AA103: =Decisiones!B103 -> 40256
A104: =Decisiones!B83 -> 39584 | B104: =Decisiones!H83 -> 7.5 | C104: =COUNTIFS(Votaciones!$A$2:$A$346,Decisiones!A83,Votaciones!$D$2:$D$346,"Disenso restrictivo") -> 0 | D104: =COUNTIFS(Votaciones!$A$2:$A$346,Decisiones!A83,Votaciones!$D$2:$D$346,"Disenso acomodaticio") -> 0 | E104: =NA() -> #N/A | F104: =NA() -> #N/A | G104: =IF(AND(Decisiones!A83>=IFERROR(INDEX(Participacion_Junta!$A$2:$A$346,_xludf.AGGREGATE(15,6,(ROW(Participacion_Junta!$A$2:$A$346)-1)/(Participacion_Junta!$B$2:$B$346=$X$2),1)),"ZZZ"),Decisiones!A83<=IFERROR(INDEX(Participacion_Junta!$A$2:$A$346,_xludf.AGGREGATE(14,6,(ROW(Participacion_Junta!$A$2:$A$346)-1)/(Participacion_Junta!$B$2:$B$346=$X$2),1)),"")),0.35,NA()) -> #N/A | AA104: =Decisiones!B104 -> 40284
A105: =Decisiones!B84 -> 39619 | B105: =Decisiones!H84 -> 7.75 | C105: =COUNTIFS(Votaciones!$A$2:$A$346,Decisiones!A84,Votaciones!$D$2:$D$346,"Disenso restrictivo") -> 0 | D105: =COUNTIFS(Votaciones!$A$2:$A$346,Decisiones!A84,Votaciones!$D$2:$D$346,"Disenso acomodaticio") -> 0 | E105: =NA() -> #N/A | F105: =NA() -> #N/A | G105: =IF(AND(Decisiones!A84>=IFERROR(INDEX(Participacion_Junta!$A$2:$A$346,_xludf.AGGREGATE(15,6,(ROW(Participacion_Junta!$A$2:$A$346)-1)/(Participacion_Junta!$B$2:$B$346=$X$2),1)),"ZZZ"),Decisiones!A84<=IFERROR(INDEX(Participacion_Junta!$A$2:$A$346,_xludf.AGGREGATE(14,6,(ROW(Participacion_Junta!$A$2:$A$346)-1)/(Participacion_Junta!$B$2:$B$346=$X$2),1)),"")),0.35,NA()) -> #N/A | AA105: =Decisiones!B105 -> 40319
A106: =Decisiones!B85 -> 39647 | B106: =Decisiones!H85 -> 8 | C106: =COUNTIFS(Votaciones!$A$2:$A$346,Decisiones!A85,Votaciones!$D$2:$D$346,"Disenso restrictivo") -> 0 | D106: =COUNTIFS(Votaciones!$A$2:$A$346,Decisiones!A85,Votaciones!$D$2:$D$346,"Disenso acomodaticio") -> 0 | E106: =NA() -> #N/A | F106: =NA() -> #N/A | G106: =IF(AND(Decisiones!A85>=IFERROR(INDEX(Participacion_Junta!$A$2:$A$346,_xludf.AGGREGATE(15,6,(ROW(Participacion_Junta!$A$2:$A$346)-1)/(Participacion_Junta!$B$2:$B$346=$X$2),1)),"ZZZ"),Decisiones!A85<=IFERROR(INDEX(Participacion_Junta!$A$2:$A$346,_xludf.AGGREGATE(14,6,(ROW(Participacion_Junta!$A$2:$A$346)-1)/(Participacion_Junta!$B$2:$B$346=$X$2),1)),"")),0.35,NA()) -> #N/A | AA106: =Decisiones!B106 -> 40347
A107: =Decisiones!B86 -> 39675 | B107: =Decisiones!H86 -> 8.25 | C107: =COUNTIFS(Votaciones!$A$2:$A$346,Decisiones!A86,Votaciones!$D$2:$D$346,"Disenso restrictivo") -> 0 | D107: =COUNTIFS(Votaciones!$A$2:$A$346,Decisiones!A86,Votaciones!$D$2:$D$346,"Disenso acomodaticio") -> 0 | E107: =NA() -> #N/A | F107: =NA() -> #N/A | G107: =IF(AND(Decisiones!A86>=IFERROR(INDEX(Participacion_Junta!$A$2:$A$346,_xludf.AGGREGATE(15,6,(ROW(Participacion_Junta!$A$2:$A$346)-1)/(Participacion_Junta!$B$2:$B$346=$X$2),1)),"ZZZ"),Decisiones!A86<=IFERROR(INDEX(Participacion_Junta!$A$2:$A$346,_xludf.AGGREGATE(14,6,(ROW(Participacion_Junta!$A$2:$A$346)-1)/(Participacion_Junta!$B$2:$B$346=$X$2),1)),"")),0.35,NA()) -> #N/A | AA107: =Decisiones!B107 -> 40375
A108: =Decisiones!B87 -> 39710 | B108: =Decisiones!H87 -> 8.25 | C108: =COUNTIFS(Votaciones!$A$2:$A$346,Decisiones!A87,Votaciones!$D$2:$D$346,"Disenso restrictivo") -> 0 | D108: =COUNTIFS(Votaciones!$A$2:$A$346,Decisiones!A87,Votaciones!$D$2:$D$346,"Disenso acomodaticio") -> 0 | E108: =NA() -> #N/A | F108: =NA() -> #N/A | G108: =IF(AND(Decisiones!A87>=IFERROR(INDEX(Participacion_Junta!$A$2:$A$346,_xludf.AGGREGATE(15,6,(ROW(Participacion_Junta!$A$2:$A$346)-1)/(Participacion_Junta!$B$2:$B$346=$X$2),1)),"ZZZ"),Decisiones!A87<=IFERROR(INDEX(Participacion_Junta!$A$2:$A$346,_xludf.AGGREGATE(14,6,(ROW(Participacion_Junta!$A$2:$A$346)-1)/(Participacion_Junta!$B$2:$B$346=$X$2),1)),"")),0.35,NA()) -> #N/A | AA108: =Decisiones!B108 -> 40410
A109: =Decisiones!B88 -> 39738 | B109: =Decisiones!H88 -> 8.25 | C109: =COUNTIFS(Votaciones!$A$2:$A$346,Decisiones!A88,Votaciones!$D$2:$D$346,"Disenso restrictivo") -> 0 | D109: =COUNTIFS(Votaciones!$A$2:$A$346,Decisiones!A88,Votaciones!$D$2:$D$346,"Disenso acomodaticio") -> 0 | E109: =NA() -> #N/A | F109: =NA() -> #N/A | G109: =IF(AND(Decisiones!A88>=IFERROR(INDEX(Participacion_Junta!$A$2:$A$346,_xludf.AGGREGATE(15,6,(ROW(Participacion_Junta!$A$2:$A$346)-1)/(Participacion_Junta!$B$2:$B$346=$X$2),1)),"ZZZ"),Decisiones!A88<=IFERROR(INDEX(Participacion_Junta!$A$2:$A$346,_xludf.AGGREGATE(14,6,(ROW(Participacion_Junta!$A$2:$A$346)-1)/(Participacion_Junta!$B$2:$B$346=$X$2),1)),"")),0.35,NA()) -> #N/A | AA109: =Decisiones!B109 -> 40445
A110: =Decisiones!B89 -> 39780 | B110: =Decisiones!H89 -> 8.25 | C110: =COUNTIFS(Votaciones!$A$2:$A$346,Decisiones!A89,Votaciones!$D$2:$D$346,"Disenso restrictivo") -> 0 | D110: =COUNTIFS(Votaciones!$A$2:$A$346,Decisiones!A89,Votaciones!$D$2:$D$346,"Disenso acomodaticio") -> 0 | E110: =NA() -> #N/A | F110: =NA() -> #N/A | G110: =IF(AND(Decisiones!A89>=IFERROR(INDEX(Participacion_Junta!$A$2:$A$346,_xludf.AGGREGATE(15,6,(ROW(Participacion_Junta!$A$2:$A$346)-1)/(Participacion_Junta!$B$2:$B$346=$X$2),1)),"ZZZ"),Decisiones!A89<=IFERROR(INDEX(Participacion_Junta!$A$2:$A$346,_xludf.AGGREGATE(14,6,(ROW(Participacion_Junta!$A$2:$A$346)-1)/(Participacion_Junta!$B$2:$B$346=$X$2),1)),"")),0.35,NA()) -> #N/A | AA110: =Decisiones!B110 -> 40466
A111: =Decisiones!B90 -> 39829 | B111: =Decisiones!H90 -> 7.75 | C111: =COUNTIFS(Votaciones!$A$2:$A$346,Decisiones!A90,Votaciones!$D$2:$D$346,"Disenso restrictivo") -> 0 | D111: =COUNTIFS(Votaciones!$A$2:$A$346,Decisiones!A90,Votaciones!$D$2:$D$346,"Disenso acomodaticio") -> 0 | E111: =NA() -> #N/A | F111: =NA() -> #N/A | G111: =IF(AND(Decisiones!A90>=IFERROR(INDEX(Participacion_Junta!$A$2:$A$346,_xludf.AGGREGATE(15,6,(ROW(Participacion_Junta!$A$2:$A$346)-1)/(Participacion_Junta!$B$2:$B$346=$X$2),1)),"ZZZ"),Decisiones!A90<=IFERROR(INDEX(Participacion_Junta!$A$2:$A$346,_xludf.AGGREGATE(14,6,(ROW(Participacion_Junta!$A$2:$A$346)-1)/(Participacion_Junta!$B$2:$B$346=$X$2),1)),"")),0.35,NA()) -> #N/A | AA111: =Decisiones!B111 -> 40508
A112: =Decisiones!B91 -> 39864 | B112: =Decisiones!H91 -> 7.5 | C112: =COUNTIFS(Votaciones!$A$2:$A$346,Decisiones!A91,Votaciones!$D$2:$D$346,"Disenso restrictivo") -> 0 | D112: =COUNTIFS(Votaciones!$A$2:$A$346,Decisiones!A91,Votaciones!$D$2:$D$346,"Disenso acomodaticio") -> 0 | E112: =NA() -> #N/A | F112: =NA() -> #N/A | G112: =IF(AND(Decisiones!A91>=IFERROR(INDEX(Participacion_Junta!$A$2:$A$346,_xludf.AGGREGATE(15,6,(ROW(Participacion_Junta!$A$2:$A$346)-1)/(Participacion_Junta!$B$2:$B$346=$X$2),1)),"ZZZ"),Decisiones!A91<=IFERROR(INDEX(Participacion_Junta!$A$2:$A$346,_xludf.AGGREGATE(14,6,(ROW(Participacion_Junta!$A$2:$A$346)-1)/(Participacion_Junta!$B$2:$B$346=$X$2),1)),"")),0.35,NA()) -> #N/A | AA112: =Decisiones!B112 -> 40564
... A200: =Decisiones!B179 -> 43601 | B200: =Decisiones!H179 -> 8.25 | C200: =COUNTIFS(Votaciones!$A$2:$A$346,Decisiones!A179,Votaciones!$D$2:$D$346,"Disenso restrictivo") -> 0 | D200: =COUNTIFS(Votaciones!$A$2:$A$346,Decisiones!A179,Votaciones!$D$2:$D$346,"Disenso acomodaticio") -> 0 | E200: =NA() -> #N/A | F200: =NA() -> #N/A | G200: =IF(AND(Decisiones!A179>=IFERROR(INDEX(Participacion_Junta!$A$2:$A$346,_xludf.AGGREGATE(15,6,(ROW(Participacion_Junta!$A$2:$A$346)-1)/(Participacion_Junta!$B$2:$B$346=$X$2),1)),"ZZZ"),Decisiones!A179<=IFERROR(INDEX(Participacion_Junta!$A$2:$A$346,_xludf.AGGREGATE(14,6,(ROW(Participacion_Junta!$A$2:$A$346)-1)/(Participacion_Junta!$B$2:$B$346=$X$2),1)),"")),0.35,NA()) -> #N/A | AA200: =Decisiones!B200 -> 44511
A201: =Decisiones!B180 -> 43643 | B201: =Decisiones!H180 -> 8.25 | C201: =COUNTIFS(Votaciones!$A$2:$A$346,Decisiones!A180,Votaciones!$D$2:$D$346,"Disenso restrictivo") -> 0 | D201: =COUNTIFS(Votaciones!$A$2:$A$346,Decisiones!A180,Votaciones!$D$2:$D$346,"Disenso acomodaticio") -> 1 | E201: =Decisiones!H180-0.1 -> 8.15 | F201: =NA() -> #N/A | G201: =IF(AND(Decisiones!A180>=IFERROR(INDEX(Participacion_Junta!$A$2:$A$346,_xludf.AGGREGATE(15,6,(ROW(Participacion_Junta!$A$2:$A$346)-1)/(Participacion_Junta!$B$2:$B$346=$X$2),1)),"ZZZ"),Decisiones!A180<=IFERROR(INDEX(Participacion_Junta!$A$2:$A$346,_xludf.AGGREGATE(14,6,(ROW(Participacion_Junta!$A$2:$A$346)-1)/(Participacion_Junta!$B$2:$B$346=$X$2),1)),"")),0.35,NA()) -> #N/A | AA201: =Decisiones!B201 -> 44546
A202: =Decisiones!B181 -> 43692 | B202: =Decisiones!H181 -> 8 | C202: =COUNTIFS(Votaciones!$A$2:$A$346,Decisiones!A181,Votaciones!$D$2:$D$346,"Disenso restrictivo") -> 1 | D202: =COUNTIFS(Votaciones!$A$2:$A$346,Decisiones!A181,Votaciones!$D$2:$D$346,"Disenso acomodaticio") -> 0 | E202: =NA() -> #N/A | F202: =NA() -> #N/A | G202: =IF(AND(Decisiones!A181>=IFERROR(INDEX(Participacion_Junta!$A$2:$A$346,_xludf.AGGREGATE(15,6,(ROW(Participacion_Junta!$A$2:$A$346)-1)/(Participacion_Junta!$B$2:$B$346=$X$2),1)),"ZZZ"),Decisiones!A181<=IFERROR(INDEX(Participacion_Junta!$A$2:$A$346,_xludf.AGGREGATE(14,6,(ROW(Participacion_Junta!$A$2:$A$346)-1)/(Participacion_Junta!$B$2:$B$346=$X$2),1)),"")),0.35,NA()) -> #N/A | AA202: =Decisiones!B202 -> 44602
A203: =Decisiones!B182 -> 43734 | B203: =Decisiones!H182 -> 7.75 | C203: =COUNTIFS(Votaciones!$A$2:$A$346,Decisiones!A182,Votaciones!$D$2:$D$346,"Disenso restrictivo") -> 0 | D203: =COUNTIFS(Votaciones!$A$2:$A$346,Decisiones!A182,Votaciones!$D$2:$D$346,"Disenso acomodaticio") -> 2 | E203: =Decisiones!H182-0.1 -> 7.65 | F203: =Decisiones!H182-0.2 -> 7.55 | G203: =IF(AND(Decisiones!A182>=IFERROR(INDEX(Participacion_Junta!$A$2:$A$346,_xludf.AGGREGATE(15,6,(ROW(Participacion_Junta!$A$2:$A$346)-1)/(Participacion_Junta!$B$2:$B$346=$X$2),1)),"ZZZ"),Decisiones!A182<=IFERROR(INDEX(Participacion_Junta!$A$2:$A$346,_xludf.AGGREGATE(14,6,(ROW(Participacion_Junta!$A$2:$A$346)-1)/(Participacion_Junta!$B$2:$B$346=$X$2),1)),"")),0.35,NA()) -> #N/A | AA203: =Decisiones!B203 -> 44644
A204: =Decisiones!B183 -> 43783 | B204: =Decisiones!H183 -> 7.5 | C204: =COUNTIFS(Votaciones!$A$2:$A$346,Decisiones!A183,Votaciones!$D$2:$D$346,"Disenso restrictivo") -> 0 | D204: =COUNTIFS(Votaciones!$A$2:$A$346,Decisiones!A183,Votaciones!$D$2:$D$346,"Disenso acomodaticio") -> 2 | E204: =Decisiones!H183-0.1 -> 7.4 | F204: =Decisiones!H183-0.2 -> 7.3 | G204: =IF(AND(Decisiones!A183>=IFERROR(INDEX(Participacion_Junta!$A$2:$A$346,_xludf.AGGREGATE(15,6,(ROW(Participacion_Junta!$A$2:$A$346)-1)/(Participacion_Junta!$B$2:$B$346=$X$2),1)),"ZZZ"),Decisiones!A183<=IFERROR(INDEX(Participacion_Junta!$A$2:$A$346,_xludf.AGGREGATE(14,6,(ROW(Participacion_Junta!$A$2:$A$346)-1)/(Participacion_Junta!$B$2:$B$346=$X$2),1)),"")),0.35,NA()) -> #N/A | AA204: =Decisiones!B204 -> 44693
A205: =Decisiones!B184 -> 43818 | B205: =Decisiones!H184 -> 7.25 | C205: =COUNTIFS(Votaciones!$A$2:$A$346,Decisiones!A184,Votaciones!$D$2:$D$346,"Disenso restrictivo") -> 0 | D205: =COUNTIFS(Votaciones!$A$2:$A$346,Decisiones!A184,Votaciones!$D$2:$D$346,"Disenso acomodaticio") -> 1 | E205: =Decisiones!H184-0.1 -> 7.15 | F205: =NA() -> #N/A | G205: =IF(AND(Decisiones!A184>=IFERROR(INDEX(Participacion_Junta!$A$2:$A$346,_xludf.AGGREGATE(15,6,(ROW(Participacion_Junta!$A$2:$A$346)-1)/(Participacion_Junta!$B$2:$B$346=$X$2),1)),"ZZZ"),Decisiones!A184<=IFERROR(INDEX(Participacion_Junta!$A$2:$A$346,_xludf.AGGREGATE(14,6,(ROW(Participacion_Junta!$A$2:$A$346)-1)/(Participacion_Junta!$B$2:$B$346=$X$2),1)),"")),0.35,NA()) -> #N/A | AA205: =Decisiones!B205 -> 44735
A206: =Decisiones!B185 -> 43874 | B206: =Decisiones!H185 -> 7 | C206: =COUNTIFS(Votaciones!$A$2:$A$346,Decisiones!A185,Votaciones!$D$2:$D$346,"Disenso restrictivo") -> 0 | D206: =COUNTIFS(Votaciones!$A$2:$A$346,Decisiones!A185,Votaciones!$D$2:$D$346,"Disenso acomodaticio") -> 0 | E206: =NA() -> #N/A | F206: =NA() -> #N/A | G206: =IF(AND(Decisiones!A185>=IFERROR(INDEX(Participacion_Junta!$A$2:$A$346,_xludf.AGGREGATE(15,6,(ROW(Participacion_Junta!$A$2:$A$346)-1)/(Participacion_Junta!$B$2:$B$346=$X$2),1)),"ZZZ"),Decisiones!A185<=IFERROR(INDEX(Participacion_Junta!$A$2:$A$346,_xludf.AGGREGATE(14,6,(ROW(Participacion_Junta!$A$2:$A$346)-1)/(Participacion_Junta!$B$2:$B$346=$X$2),1)),"")),0.35,NA()) -> #N/A | AA206: =Decisiones!B206 -> 44784
A207: =Decisiones!B186 -> 43910 | B207: =Decisiones!H186 -> 6.5 | C207: =COUNTIFS(Votaciones!$A$2:$A$346,Decisiones!A186,Votaciones!$D$2:$D$346,"Disenso restrictivo") -> 1 | D207: =COUNTIFS(Votaciones!$A$2:$A$346,Decisiones!A186,Votaciones!$D$2:$D$346,"Disenso acomodaticio") -> 0 | E207: =NA() -> #N/A | F207: =NA() -> #N/A | G207: =IF(AND(Decisiones!A186>=IFERROR(INDEX(Participacion_Junta!$A$2:$A$346,_xludf.AGGREGATE(15,6,(ROW(Participacion_Junta!$A$2:$A$346)-1)/(Participacion_Junta!$B$2:$B$346=$X$2),1)),"ZZZ"),Decisiones!A186<=IFERROR(INDEX(Participacion_Junta!$A$2:$A$346,_xludf.AGGREGATE(14,6,(ROW(Participacion_Junta!$A$2:$A$346)-1)/(Participacion_Junta!$B$2:$B$346=$X$2),1)),"")),0.35,NA()) -> #N/A | AA207: =Decisiones!B207 -> 44833
A208: =Decisiones!B187 -> 43942 | B208: =Decisiones!H187 -> 6 | C208: =COUNTIFS(Votaciones!$A$2:$A$346,Decisiones!A187,Votaciones!$D$2:$D$346,"Disenso restrictivo") -> 0 | D208: =COUNTIFS(Votaciones!$A$2:$A$346,Decisiones!A187,Votaciones!$D$2:$D$346,"Disenso acomodaticio") -> 0 | E208: =NA() -> #N/A | F208: =NA() -> #N/A | G208: =IF(AND(Decisiones!A187>=IFERROR(INDEX(Participacion_Junta!$A$2:$A$346,_xludf.AGGREGATE(15,6,(ROW(Participacion_Junta!$A$2:$A$346)-1)/(Participacion_Junta!$B$2:$B$346=$X$2),1)),"ZZZ"),Decisiones!A187<=IFERROR(INDEX(Participacion_Junta!$A$2:$A$346,_xludf.AGGREGATE(14,6,(ROW(Participacion_Junta!$A$2:$A$346)-1)/(Participacion_Junta!$B$2:$B$346=$X$2),1)),"")),0.35,NA()) -> #N/A | AA208: =Decisiones!B208 -> 44875
A209: =Decisiones!B188 -> 43965 | B209: =Decisiones!H188 -> 5.5 | C209: =COUNTIFS(Votaciones!$A$2:$A$346,Decisiones!A188,Votaciones!$D$2:$D$346,"Disenso restrictivo") -> 0 | D209: =COUNTIFS(Votaciones!$A$2:$A$346,Decisiones!A188,Votaciones!$D$2:$D$346,"Disenso acomodaticio") -> 0 | E209: =NA() -> #N/A | F209: =NA() -> #N/A | G209: =IF(AND(Decisiones!A188>=IFERROR(INDEX(Participacion_Junta!$A$2:$A$346,_xludf.AGGREGATE(15,6,(ROW(Participacion_Junta!$A$2:$A$346)-1)/(Participacion_Junta!$B$2:$B$346=$X$2),1)),"ZZZ"),Decisiones!A188<=IFERROR(INDEX(Participacion_Junta!$A$2:$A$346,_xludf.AGGREGATE(14,6,(ROW(Participacion_Junta!$A$2:$A$346)-1)/(Participacion_Junta!$B$2:$B$346=$X$2),1)),"")),0.35,NA()) -> #N/A | AA209: =Decisiones!B209 -> 44910
A210: =Decisiones!B189 -> 44007 | B210: =Decisiones!H189 -> 5 | C210: =COUNTIFS(Votaciones!$A$2:$A$346,Decisiones!A189,Votaciones!$D$2:$D$346,"Disenso restrictivo") -> 0 | D210: =COUNTIFS(Votaciones!$A$2:$A$346,Decisiones!A189,Votaciones!$D$2:$D$346,"Disenso acomodaticio") -> 0 | E210: =NA() -> #N/A | F210: =NA() -> #N/A | G210: =IF(AND(Decisiones!A189>=IFERROR(INDEX(Participacion_Junta!$A$2:$A$346,_xludf.AGGREGATE(15,6,(ROW(Participacion_Junta!$A$2:$A$346)-1)/(Participacion_Junta!$B$2:$B$346=$X$2),1)),"ZZZ"),Decisiones!A189<=IFERROR(INDEX(Participacion_Junta!$A$2:$A$346,_xludf.AGGREGATE(14,6,(ROW(Participacion_Junta!$A$2:$A$346)-1)/(Participacion_Junta!$B$2:$B$346=$X$2),1)),"")),0.35,NA()) -> #N/A | AA210: =Decisiones!B210 -> 44966
A211: =Decisiones!B190 -> 44056 | B211: =Decisiones!H190 -> 4.5 | C211: =COUNTIFS(Votaciones!$A$2:$A$346,Decisiones!A190,Votaciones!$D$2:$D$346,"Disenso restrictivo") -> 1 | D211: =COUNTIFS(Votaciones!$A$2:$A$346,Decisiones!A190,Votaciones!$D$2:$D$346,"Disenso acomodaticio") -> 0 | E211: =NA() -> #N/A | F211: =NA() -> #N/A | G211: =IF(AND(Decisiones!A190>=IFERROR(INDEX(Participacion_Junta!$A$2:$A$346,_xludf.AGGREGATE(15,6,(ROW(Participacion_Junta!$A$2:$A$346)-1)/(Participacion_Junta!$B$2:$B$346=$X$2),1)),"ZZZ"),Decisiones!A190<=IFERROR(INDEX(Participacion_Junta!$A$2:$A$346,_xludf.AGGREGATE(14,6,(ROW(Participacion_Junta!$A$2:$A$346)-1)/(Participacion_Junta!$B$2:$B$346=$X$2),1)),"")),0.35,NA()) -> #N/A | AA211: =Decisiones!B211 -> 45015
